Name,Developer ID,Scraped Playstore App Name,Scraped Playstore App Link,Scraped Google Developer ID
fjffhiruhf,fjffhiruhf,-,-,-
Apex Real Estate,HouseSigma,HouseSigma Canada Real Estate,https://play.google.com/store/apps/details?id=com.housesigma.android,HouseSigma
Runescape clue helper,-,OSRS Helper,https://play.google.com/store/apps/details?id=com.infonuascape.osrshelper,#lesgens
Lake Gaston Real Estate,Voiceter Pro LLC,KW Real Estate,https://play.google.com/store/apps/details?id=com.smarteragent.android.kw,Keller Williams Realty International (KWRI)
Holly Springs Real Estate,Voiceter Pro LLC,RE/MAX¬Æ Real Estate,https://play.google.com/store/apps/details?id=com.remax.remaxmobile,"RE/MAX, LLC"
Six times table,My Times Tables,Times Tables,https://play.google.com/store/apps/details?id=aichner.benjamin.timestables,Benjamin A.
Eight Times Table,My Times Tables,Times Tables,https://play.google.com/store/apps/details?id=aichner.benjamin.timestables,Benjamin A.
Syracuse Real Estate,-,RE/MAX¬Æ Real Estate,https://play.google.com/store/apps/details?id=com.remax.remaxmobile,"RE/MAX, LLC"
Ottawa Energy Rate,Benjamin Baril,Ottawa Collection Calendar,https://play.google.com/store/apps/details?id=net.recollect.ottawa.waste,City of Ottawa
CS Quiz,Anuj Gupta,Computer Quiz It,https://play.google.com/store/apps/details?id=it.computer_science.trivia_quiz,Abdelaziz Sebrou
GUG.cz,Denis V.,Google Chrome,https://play.google.com/store/apps/details?id=com.android.chrome,Google LLC
I'm Ready for the Business World,Argh Company,Business Game,https://play.google.com/store/apps/details?id=business.monopoly.city,Ironjaw Studios Private Limited
DEC Facts and Portfolio,-,Behance - Creative Portfolios,https://play.google.com/store/apps/details?id=com.behance.behance,Adobe Inc
EMSI Corporation Trivia Game,-,Trivia Madness,https://play.google.com/store/apps/details?id=com.gimica.triviamadness,Gimica GmbH
iHeartRadio,-,"iHeart: Music, Radio, Podcasts",https://play.google.com/store/apps/details?id=com.clearchannel.iheartradio.controller,"iHeartMedia, Inc."
BBC,-,BBC: World News & Stories,https://play.google.com/store/apps/details?id=bbc.mobile.news.ww,BBC Studios Limited
Works with smartThings,-,SmartThings,https://play.google.com/store/apps/details?id=com.samsung.android.oneconnect,"Samsung Electronics Co., Ltd."
hive,-,Hive,https://play.google.com/store/apps/details?id=uk.co.centrica.hive,Centrica Hive Ltd
LightWave,-,Lightwave LinkPlus,https://play.google.com/store/apps/details?id=com.lightwaverf.linkplus,LightwaveRF Technology Ltd
MI,-,Mi Home,https://play.google.com/store/apps/details?id=com.xiaomi.smarthome,"Beijing Xiaomi Mobile Software Co.,Ltd"
ABC News Radio Hourly Newscast,-,ABC NEWS,https://play.google.com/store/apps/details?id=android.AbcApplication,Australian Broadcasting Corporation
WSJ What's News,-,WSJ Print Edition,https://play.google.com/store/apps/details?id=com.wallstreetjournal.android.prod,"Dow Jones & Company, Inc."
ABC World News Nightline,-,ABC News: Breaking News Live,https://play.google.com/store/apps/details?id=com.abc.abcnews,Disney
Wines of Australia,Creative Voice Lab,Wine Trainer,https://play.google.com/store/apps/details?id=com.vinomobile.winetrainer,AVINIS GmbH
Music Terminology,EJTechy,Music Theory Companion,https://play.google.com/store/apps/details?id=app.pg.scalechordprogression,PG App Studio
Grange Expo,Krishnan Sriram,Expo,https://play.google.com/store/apps/details?id=host.exp.exponent,Expo Project
Guess The Author,-,Guess Their Answer - IQ Games,https://play.google.com/store/apps/details?id=com.qoni.guesstheiranswer,TapNation
Software Prof,-,Software Engineering,https://play.google.com/store/apps/details?id=in.softecks.softwareengineering,Softecks
World Cup Winners,-,Schedule for World Cup 2022,https://play.google.com/store/apps/details?id=com.gamelikeapps.fapi.predictor.wc2022,Live Scores Apps
Ness Mezzo,Ness Corporation Pty Ltd,Mezzo,https://play.google.com/store/apps/details?id=com.nesscorporation.mezzo,Ness Corporation
Racenet,Racing Internet Services Pty Ltd,RaceNet,https://play.google.com/store/apps/details?id=com.muevaelvolante.racenet,The Ocean Race
caprio facts,joy,-,-,-
Info about Islands,Google Inc.,Island,https://play.google.com/store/apps/details?id=com.oasisfeng.island,Oasis Feng
Programming Flashcards,-,Flashcards World,https://play.google.com/store/apps/details?id=flashcards.words.words,Andev
the iron lady,-,Iron Suit: Superhero Simulator,https://play.google.com/store/apps/details?id=battle.iron.suit,CASUAL AZUR GAMES
The Computer Professor,Jennifer Bailey,Learn Computer Courses Offline,https://play.google.com/store/apps/details?id=com.apps.computercourseas_learndaily,Asbhii Apps Solution
Trivia Boy,-,Trivia Crack,https://play.google.com/store/apps/details?id=com.etermax.preguntados.lite,etermax
IT Crowd Trivia,Pawan Kumar,Trivia Crush,https://play.google.com/store/apps/details?id=com.zd.answer,CanaryDroid
NFL Quiz,Lyn Curtis Adams,NFL State Quiz,https://play.google.com/store/apps/details?id=com.dasu.nflstatequiz,Dasu Games
Soccer World Cup Trivia,-,Soccer Quiz: Football Trivia,https://play.google.com/store/apps/details?id=com.footballquiz.triviaquestionsandanswers,Quizzes by Peaksel
Hard Sports Trivia,Developer Ty,Sports Trivia Star Sport Games,https://play.google.com/store/apps/details?id=com.sports.trivia.star.android,Super Lucky Games LLC
Daily Quiz,-,General Knowledge Quiz,https://play.google.com/store/apps/details?id=com.timleg.quiz,TIMLEG
Football Mania II,Neudesic,Football Live Scores,https://play.google.com/store/apps/details?id=holoduke.soccer_gen,Football Soccer Scores
Capital Game And Facts,PS,Capitals Quizzer,https://play.google.com/store/apps/details?id=org.supergonk.capitals,Supergonk
interview bootloader,-,Big Interview,https://play.google.com/store/apps/details?id=com.biginterview,"Skillful Communications, LLC"
Dr Grand Prix,-,Grand Prix Hero,https://play.google.com/store/apps/details?id=com.newandromo.dev877904.app1033959,Mahoud Islam
Maestro Meter,Ishaque Ahmed,Speedometer,https://play.google.com/store/apps/details?id=se.jensp.hastighetsmatare,Jens Peterson
Co. Trivia,-,Trivia Crack,https://play.google.com/store/apps/details?id=com.etermax.preguntados.lite,etermax
Company Trivia,Trivia Master,Trivia Crack,https://play.google.com/store/apps/details?id=com.etermax.preguntados.lite,etermax
global general questions,parthasarathi,General Knowledge Quiz,https://play.google.com/store/apps/details?id=com.timleg.quiz,TIMLEG
How Much You Know About World Cup,-,ICC Men‚Äôs T20 World Cup,https://play.google.com/store/apps/details?id=com.pl.cwc_2015,International Cricket Council
Geography Coach,-,World Geography Dictionary,https://play.google.com/store/apps/details?id=com.ma.ld.dict.geography,Edutainment Ventures- Making Games People Play
Langdi khel,Shanta Kumar,Ludo Buzz - Multiplayer Game,https://play.google.com/store/apps/details?id=com.popupgames.ludo.king.club.dice.board.game,Popup Games
Olympic Quiz,Manu Shahi,Paris 2024 Olympics,https://play.google.com/store/apps/details?id=org.olympic.app.mobile,IOC
Hit Hobart News,-,ABC NEWS,https://play.google.com/store/apps/details?id=android.AbcApplication,Australian Broadcasting Corporation
The Rundown,-,Rundown Assistant,https://play.google.com/store/apps/details?id=com.vbote.rundown2,vBote
Whitefish Mountain Resort,-,Boyne Mountain Resort,https://play.google.com/store/apps/details?id=com.boyneresorts.boynemountainapp,Boyne Resorts
The Weinberg Place,"Witlingo, Inc.",Airbnb,https://play.google.com/store/apps/details?id=com.airbnb.android,Airbnb
Olympics Quiz Time,-,It's Quiz Time: Companion App,https://play.google.com/store/apps/details?id=com.visiongames.itsquiztimecompanionapp,Vision Games Publishing LTD
Quality Trek,Quality Trek,Trek Central,https://play.google.com/store/apps/details?id=com.trekbikes.trekcentral,Trek Bikes
Ticket Reminder,DroidLabs,To Do Reminder with Alarm,https://play.google.com/store/apps/details?id=com.ToDoReminder.gen,App Innovation
Quiz IPL,Akshil shah,IPL Quiz,https://play.google.com/store/apps/details?id=com.rdquiz.iplquiz,100 Quiz
Futuri Media,Futuri Media,WDKX,https://play.google.com/store/apps/details?id=com.mcb.wdkx,Futuri Media
Deals and Coupons,GoVocal.AI,Groupon ‚Äì Deals & Coupons,https://play.google.com/store/apps/details?id=com.groupon,"Groupon, Inc."
seesaw boutique,Blutag Inc.,Seesaw,https://play.google.com/store/apps/details?id=seesaw.shadowpuppet.co.classroom,Seesaw Learning
BBC Business News,-,CNBC: Business & Stock News,https://play.google.com/store/apps/details?id=com.cnbc.client,"NBCUniversal Media, LLC"
Monocle 24: The Foreign Desk - The Explaine,-,Flipboard: The Social Magazine,https://play.google.com/store/apps/details?id=flipboard.app,Flipboard
Reuters TV (World),-,Reuters News,https://play.google.com/store/apps/details?id=com.thomsonreuters.reuters,Thomson Reuters
NHKWORLD-Japan News,-,NHK WORLD-JAPAN,https://play.google.com/store/apps/details?id=jp.or.nhk.nhkworld.tv,NHK (JAPAN BROADCASTING CORP.)
Inkstone Daily Brief,-,Briefing,https://play.google.com/store/apps/details?id=flipboard.boxer.app,Flipboard
The Right Doctors,Healthcare,The Doctors,https://play.google.com/store/apps/details?id=app.centrik.greencross,Webtools
Triple M Hobart News,-,Triple M Radio app Music,https://play.google.com/store/apps/details?id=com.amradiofm.triplemonline,amradiofm
Fun Kids Radio's Interviews,-,Fun Kids Radio,https://play.google.com/store/apps/details?id=com.funkidslive,Folder Media
Don't Sleep On It by HuffPost,-,Don't Sleep!,https://play.google.com/store/apps/details?id=com.ilieinc.dontsleep,Gabriel Ilie
Pokemon Generations Trivia,Michael Johnstone,Poke Monster Quiz Trivia Game,https://play.google.com/store/apps/details?id=com.areapps.guessthepokemon,ARE Apps
Sunny's Lucky Number,April,Lucky Number,https://play.google.com/store/apps/details?id=com.tevzadze.luckynumber,Davit Tevzadze (·Éì·Éê·Éï·Éò·Éó ·Éó·Éî·Éï·Éñ·Éê·É´·Éî)
Please Roll,Blackskull,Layers Roll,https://play.google.com/store/apps/details?id=com.clapclap.layers,Prota Games
week number,-,Week Number Reminder,https://play.google.com/store/apps/details?id=com.binaryheart.weeknumberreminder,BinaryHeart.Tech
DR.Ghumao,Uddeshya,Dr. Panda Toy Cars,https://play.google.com/store/apps/details?id=com.tribeplay.toycars.fun,Dr. Panda
jazzy roller,-,Sky Roller: Rainbow Skating,https://play.google.com/store/apps/details?id=com.topchopgames.skyroller,Homa
Nishinoya's Lucky Number,ShnCnc,Lucky Number,https://play.google.com/store/apps/details?id=com.tevzadze.luckynumber,Davit Tevzadze (·Éì·Éê·Éï·Éò·Éó ·Éó·Éî·Éï·Éñ·Éê·É´·Éî)
roller go on,roller go on,Sky Roller: Rainbow Skating,https://play.google.com/store/apps/details?id=com.topchopgames.skyroller,Homa
Pewd's Lucky Number,thisisanapp,Lucky Number,https://play.google.com/store/apps/details?id=com.tevzadze.luckynumber,Davit Tevzadze (·Éì·Éê·Éï·Éò·Éó ·Éó·Éî·Éï·Éñ·Éê·É´·Éî)
dr. hello dice,Meet Jethwa,DICE,https://play.google.com/store/apps/details?id=fm.dice,DICE FM
roll dice for krati,Krati,Dice,https://play.google.com/store/apps/details?id=fr.sevenpixels.dice,7pixels
Sk's dice roll,SHUBHAM KULKARNI,-,-,-
Beauty Glossary,Automat.ai,BEAUTY BAY,https://play.google.com/store/apps/details?id=com.beautybay,BEAUTY BAY
Yale New Haven Health Tip of the Day,Yale New Haven Health,Yale Access,https://play.google.com/store/apps/details?id=com.august.bennu,"August Home, Inc."
Med Lexa,Voice Express Corp,Google Lens,https://play.google.com/store/apps/details?id=com.google.ar.lens,Google LLC
The Christmas Piano,Hirsch & Mann,Christmas Piano,https://play.google.com/store/apps/details?id=com.wittyfolks.christmaspiano,Witty Folks
Home Connect,Southern Telecom,Home Connect (America),https://play.google.com/store/apps/details?id=com.bshg.homeconnect.android.release.na,BSH Home Appliances Corporation
Project Nursery Streaming,-,-,-,-
SafeBySwann,Swann Communications,Swann Security,https://play.google.com/store/apps/details?id=com.swannsecurity,Swann Communications
Conec Cam,-,Canon Camera Connect,https://play.google.com/store/apps/details?id=jp.co.canon.ic.cameraconnect,Canon Inc.
show home,show home,Show Home App,https://play.google.com/store/apps/details?id=com.tcdtech.ishowlight,donald nie
Patronus Legion,nan,Primon Legion,https://play.google.com/store/apps/details?id=net.pixelrabbit.pl,PIXEL RABBIT LIMITED
Flashcard python frequently asked questions,Joel John George,Flashcards World,https://play.google.com/store/apps/details?id=flashcards.words.words,Andev
The Institute IIITM Gwalior,chotakiki chotakiku,Gwalior One City One App (‡§ó‡•ç‡§µ‡§æ,https://play.google.com/store/apps/details?id=consumerapp.bsmart.bcits.gwalioronecityoneapp,Smart City Gwalior
Social science exam,Avi,Social Science Exam Prep,https://play.google.com/store/apps/details?id=com.nupuit.SocialScience,Parmeeda
JS Exam,Maitraiya,JavaScript Tests and Quizes,https://play.google.com/store/apps/details?id=com.testyourself.javascript,createwebsites
human quiz,vaishnavi uikey,Human Biology Quiz,https://play.google.com/store/apps/details?id=net.antmobile.HumanBiology,Co≈ükun √áAKIR
Festival quiz,Aaron Varghese,Green Festival Quiz,https://play.google.com/store/apps/details?id=pl.ambiverse.greenfestivalquiz,Ambiverse
Invention Teacher,nan,Teacher Aide Pro,https://play.google.com/store/apps/details?id=com.apps.ips.teacheraidepro3,In Pocket Solutions
Bob's agent,nan,Agent J,https://play.google.com/store/apps/details?id=com.segame.app.agent,W'Forest
Miss Technology,Abhishek Tiwari,MIT Technology Review,https://play.google.com/store/apps/details?id=com.technologyreview.mit,MIT Technology Review
Alpha Station,Giacomo Zurru,PlayStation App,https://play.google.com/store/apps/details?id=com.scee.psxandroid,PlayStation Mobile Inc.
computer master trivia quizy,mit navadiya,Computer Quiz It,https://play.google.com/store/apps/details?id=it.computer_science.trivia_quiz,Abdelaziz Sebrou
Explore Networking,Dixeeta Malaviya,Networking Concepts and Config,https://play.google.com/store/apps/details?id=com.nmnconfignetwork,Mohammadullah Al Noman
Tech Chat,nan,Google Chat,https://play.google.com/store/apps/details?id=com.google.android.apps.dynamite,Google LLC
Fun Fortnite Game Quiz,Gamer Studio,Pixels of Fortnite,https://play.google.com/store/apps/details?id=com.game.pixel.art.fortnite,GD Games & Apps
hockey hacker,Arjun Singh,Hockey Horns Live,https://play.google.com/store/apps/details?id=com.fiftysixkbit.hockeyhornsfree,56kbit
Football buzz,Devang Gupta,Football Buzz,https://play.google.com/store/apps/details?id=com.footballbuzz.android,FOOTBALL BUZZ
Taylor Swift Info,nan,Taylor Swift Quiz - 2024,https://play.google.com/store/apps/details?id=com.anthonyradher.taylorswiftquiz,Green One Games
programming in c,Rohan Sinha,Learn C Programming,https://play.google.com/store/apps/details?id=com.programiz.learnc,Programiz
PUBG Mastermind,nan,PUBG MOBILE,https://play.google.com/store/apps/details?id=com.tencent.ig,Level Infinite
Mr. Physio,nan,Clinical Physio,https://play.google.com/store/apps/details?id=com.clinicalphysio.member.app,Clinical Physio
Lin Inspiration,Azhar B,Bible Inspirations,https://play.google.com/store/apps/details?id=com.minimasoftware.dailybibleinspirations,Joyverse
What color should I wear,nan,Seasonal Colors - Match & Find,https://play.google.com/store/apps/details?id=seasonalcolorgirlaccessories.matchyourcolor.findsuitablecloths,Bamboo Interactive
Commonwealth Game Quiz,Sudhanshu Ranjan,-,-,-
New York Real Estate,Voiceter Pro LLC,REALTOR.ca Real Estate & Homes,https://play.google.com/store/apps/details?id=ca.crea.app.consumer,Canadian Real Estate Association
SSC Prep Geography,Rohit Agarwal,AP Human Geography Practice,https://play.google.com/store/apps/details?id=com.varsitytutors.learningtools.aphumangeography,Varsity Tutors LLC
ultimate friends series quiz,nan,Friends Trivia Quiz,https://play.google.com/store/apps/details?id=com.vgcentral.friendsquiz,VGcentral
General Science Question,Akash Sharma,General Science Book,https://play.google.com/store/apps/details?id=com.studyspring.general.science.book,StudySpring
Toss The Coin,Tokir,Coin Toss,https://play.google.com/store/apps/details?id=com.helsinkiwizard.cointoss,Helsinki Wizard
college in murthal,genius poposos,Udemy - Online Courses,https://play.google.com/store/apps/details?id=com.udemy.android,Udemy
Food intructor,FOOD FOOD,Foodvisor - Nutrition & Diet,https://play.google.com/store/apps/details?id=io.foodvisor.foodvisor,Foodvisor
sankat bhawan,Gayatri Devi,Sankat Mochan,https://play.google.com/store/apps/details?id=com.sankatmochan.shabad,Jas Arts
mr fortune quiz,Harshil,Trivia Puzzle Fortune Word Fun,https://play.google.com/store/apps/details?id=com.fortune.phrases.android,Super Lucky Games LLC
Things to do,Voxion,Tasks: to do list & planner,https://play.google.com/store/apps/details?id=com.tasks.android,Pocket Brilliance Limited
My Gingerbread Creator,Google,-,-,-
sail mate,Sailors Inc,Sailmon,https://play.google.com/store/apps/details?id=org.sailmon.sailmon,Sailmon NL
help mate,Abhishek,Withings Health Mate,https://play.google.com/store/apps/details?id=com.withings.wiscale2,Withings
Hwagok High School Chatbot,sunwoo,AIGo - AI Chatbot with GPT,https://play.google.com/store/apps/details?id=aichat.chatgpt,DevSect
Knowledge on petrol engine,Mr. Kathrotiya,Four-stroke Otto engine 3D,https://play.google.com/store/apps/details?id=com.rendernet.ottoengine,Mozaik Education
Joke for Today,Voxion,Dad Jokes App Wear OS,https://play.google.com/store/apps/details?id=com.marcas.dadjokesapp,MarCas Code
OOPs quiz,technoblitz,C++ Quiz,https://play.google.com/store/apps/details?id=io.cpp.quizapp,Breaking Apps
Winter Time Facts,Juna Salviati,Weird Facts ‚Äì Fun & Random,https://play.google.com/store/apps/details?id=com.weirdfactsapp,Facts & Co
Music Xtreamist,Parth Arora,"iHeart: Music, Radio, Podcasts",https://play.google.com/store/apps/details?id=com.clearchannel.iheartradio.controller,"iHeartMedia, Inc."
Mom joke,Voxion,Yo Mama Jokes,https://play.google.com/store/apps/details?id=com.malekz.yoMama,Intelligent apps
Quiz of G O T,Rahul Kumar,Game Of Thrones Quiz,https://play.google.com/store/apps/details?id=com.kadax.gameofthronesquiz,Kadax Games
Ammu's Gift,Hari Gowtham,Family Gift : Shared Wish List,https://play.google.com/store/apps/details?id=com.trempette.family_gift_2,Trempette Inc.
Funny Muse,Aravind M Nair,Muse Dash,https://play.google.com/store/apps/details?id=com.prpr.musedash,hasuhasu
Hot House,Lewers,Hot House Yoga,https://play.google.com/store/apps/details?id=com.fitnessmobileapps.hothouseyoga37635,Branded Apps by MINDBODY
facts of kanpur,ateet patel,Fun facts : Did You Know ?,https://play.google.com/store/apps/details?id=com.techsellance.factsandtips,Techsellance Pvt Ltd
Darshan trivia,Darshan vaghasiya,Trivia Crack,https://play.google.com/store/apps/details?id=com.etermax.preguntados.lite,etermax
The Eternal wisher,Prathamesh Pure,Eternal Senia,https://play.google.com/store/apps/details?id=com.sanctumstudio.eternalsenia2,Sanctum Games Limited
Music Harmony,Utkarsh Gupta,Harmony¬Æ,https://play.google.com/store/apps/details?id=com.logitech.harmonyhub,Logitech Europe S.A.
The Meaning Of Life,Voxion,The Game of Life,https://play.google.com/store/apps/details?id=com.marmalade.golmobile,Marmalade Game Studio
Sparkly Queen,Eric Lin,Love Nikki-Dress UP Queen,https://play.google.com/store/apps/details?id=com.elex.nikkigp,Elex
Coding with Java FAQ,Sameksha Pandhi,CodeGym: learn Java,https://play.google.com/store/apps/details?id=com.hitechrush.codegym,HiTech Rush Inc
Lucky Mania,Arun Iyappan,-,-,-
Times Table Quiz,William Hung,Times Tables,https://play.google.com/store/apps/details?id=aichner.benjamin.timestables,Benjamin A.
indian green parrot faq,anita,Indian Birds,https://play.google.com/store/apps/details?id=com.kokanes.birdsinfo,NATURE WEB
Word Quiz for rookie,Yoons English School,Word Trivia - Word Quiz Games,https://play.google.com/store/apps/details?id=trivia.quiz.trivia.star.millionaire.word.question.offine.game.free,Magic Word Games
Game Scifi,Amritanshu Verma,Space Life : Scifi Game,https://play.google.com/store/apps/details?id=com.alphaquest.spacelife,Supercharge Mobile
Clinic Manager,Fahm Technologies,Appointik - Clinic Management,https://play.google.com/store/apps/details?id=com.samrithtech.appointik,Samrith Technologies
Ultimate Superheros,Rahul,Ultimate Heroes,https://play.google.com/store/apps/details?id=com.stagames.ultimateheroes,Sta Games
Malaysian Guide,Thesigan Nadarajan,Travel Malaysia,https://play.google.com/store/apps/details?id=tourismmalaysia.aplikasi,Tourism Malaysia
movie robot,theabbie,Evolution Robot,https://play.google.com/store/apps/details?id=it.clementoni.evolutionrobot2023,Clementoni S.p.A.
Darshan quizzz,Darshan Lakhankiya,Kahoot! Play & Create Quizzes,https://play.google.com/store/apps/details?id=no.mobitroll.kahoot.android,Kahoot!
bharat sarkar,ZERO GRAVITY,Sarkar Infinite,https://play.google.com/store/apps/details?id=com.ArckonArts.SarkarInfinite,Arckon Arts
Mr Rock and Roll,Unnati Mishra,Mr Hungry Tomato,https://play.google.com/store/apps/details?id=com.mrhungry.tomat,RBX Game
cpp with kp nine nine,Prakhar Kapoor,Cxxdroid - C/C++ compiler IDE,https://play.google.com/store/apps/details?id=ru.iiec.cxxdroid,IIEC
G Knowledge,Meher,Driver Knowledge Test NSW 2024,https://play.google.com/store/apps/details?id=com.pineapplestudio.nswdrivingtest,Pineapple Studio Pty Ltd
automation trivia quiz,Aditya Pandit,Brain Blitz TriviaÔºçQuiz Test,https://play.google.com/store/apps/details?id=com.severex.trivia.quiz.brain.puzzle,Severex
the epic india quiz,epic trendy,-,-,-
Development Boards,Abhishek Bapu Ove,Boards,https://play.google.com/store/apps/details?id=co.heybliss.blisskeyboard,Boards.com
Nerdy joke,Voxion,Only Jokes,https://play.google.com/store/apps/details?id=com.tiago.onlyjokes,Tiago English Tutor
Welcome Shopping,Dhruv Bhasvar,Walmart: Grocery & Shopping,https://play.google.com/store/apps/details?id=ca.walmart.ecommerceapp,Walmart Canada Corp.
You Are The Media,Veeheister Ltd,Media ON - Play All Format,https://play.google.com/store/apps/details?id=com.mediaon.apt,AZD Studio
Its GOT Thing,Pawan,Tag with Ryan,https://play.google.com/store/apps/details?id=com.WildWorks.RyansTag,WildWorks
cat cat,Ajeet Sharma,Talking Tom Cat,https://play.google.com/store/apps/details?id=com.outfit7.talkingtom,Outfit7 Limited
Quiz Doggy,91Projects,Dogs Quiz,https://play.google.com/store/apps/details?id=com.gramtugramtam.dogsquiz,GramTuGramTam
Culture Anchors,Bajaj Finance Limited,Culture Cloud,https://play.google.com/store/apps/details?id=com.octanner.android.culturecloud,O.C. Tanner Company
Engineer Aditi Yadav Resume,Aditi Yadav,Resume Builder - CV Engineer,https://play.google.com/store/apps/details?id=sampson.cvbuilder,Matt Callery
Innovation And Invention,nan,Inventions and Inventors,https://play.google.com/store/apps/details?id=nithra.inventions_inventors,Nithra Apps
Super Indian trivia,Rohit Kumar,-,-,-
Quantum Quiz,Vardhan Kottamasu,Quantum,https://play.google.com/store/apps/details?id=brychta.stepan.quantum_en,≈†tƒõp√°n Brychta
quiz ml,nan,Guess The Hero Quiz Legends,https://play.google.com/store/apps/details?id=com.sendox.mlquizhero,Sendox
Tech FAQ,abhishek kumar,Techgenyz: Tech News & Updates,https://play.google.com/store/apps/details?id=com.techgenyz.techgenyz,Techgenyz
Kaiterra,Yoann Cerda,Kaiterra Enterprise Configurat,https://play.google.com/store/apps/details?id=com.kaiterra.kaiterra_configuration_tool,Kaiterra Global
Dr. Cricky,Kratik Bhatt,MyChart,https://play.google.com/store/apps/details?id=epic.mychart.android,Epic Systems Corporation
a healthy Yash,Yashashvi Singh Bhadauria,Healthy Together,https://play.google.com/store/apps/details?id=co.twenty.stop.spread,Twenty Inc.
IIITH Quiz,nan,Knowledge Quiz,https://play.google.com/store/apps/details?id=com.relitygames.knowledgequiz,Relity Games
The Smoogler Boy,nan,My Boy! Lite,https://play.google.com/store/apps/details?id=com.fastemulator.gbafree,Fast Emulator
Movie's director,AMAN,-,-,-
Quiz On Queen,Bhagyashree Sarode,Quiz Planet,https://play.google.com/store/apps/details?id=com.lotum.quizplanet,Lotum one GmbH
NikTech Tech Quiz,NikTech,Tech Quiz Master - Quiz Games,https://play.google.com/store/apps/details?id=com.eggies.techquizmaster,Eggies
Riddle Twister,Lavanya Shinde,Riddle Time: Tricky Riddles,https://play.google.com/store/apps/details?id=fun.riddle.time,Fun developer
Voice voucher,Rabbit & Pork,Voice Access,https://play.google.com/store/apps/details?id=com.google.android.apps.accessibility.voiceaccess,Google LLC
Alphabet Jungle,Gurukrupa,Endless Alphabet,https://play.google.com/store/apps/details?id=com.originatorkids.EndlessAlphabet,Originator Inc.
Intelligent Machine Learning Trivia,ML warriors,Learn Machine Learning,https://play.google.com/store/apps/details?id=ml.machinelearning.learning.machine.data.datascience.bigdata.programming.analytics.coding.learn,Coding and Programming
Original Friends quiz,Ankit Sharma,Friends Trivia Quiz,https://play.google.com/store/apps/details?id=com.vgcentral.friendsquiz,VGcentral
Knowledge city,nan,KnowledgeCity,https://play.google.com/store/apps/details?id=com.knowledgecity.universal,KnowledgeCity
capitals of countries,Dheeraj Mittal,Capitals of the countries Quiz,https://play.google.com/store/apps/details?id=com.mary.jeanphilippe.capitale,Jean-Philippe MARY
Let's Review,Bosco N,Let's Roam,https://play.google.com/store/apps/details?id=com.barhuntv2,Let's Roam
Irony on Cricket,Harsh Jain,SUPER CRICKET 2,https://play.google.com/store/apps/details?id=com.nklsrh.supercrickethd,Nikhil Suresh
Good Joke,Voxion,Daily Dad Jokes!,https://play.google.com/store/apps/details?id=net.chriskreymborg.daily_dad_joke,Chris Kreymborg
Football Quizz,Kushal,Football Logo Quiz,https://play.google.com/store/apps/details?id=com.vns.footballogoquiz,VnS
Quiz Uttar Pradesh,Rajat,Uttar Pradesh GK In Hindi,https://play.google.com/store/apps/details?id=com.aicsm.uttarpradeshgk,GK In Hindi Offline
Sound Doctrine,Salem Web Network,Sound Doctrine Podcast,https://play.google.com/store/apps/details?id=com.subsplashconsulting.s_ZJ5WGR,CC Downey
Dr.Techguru,Sirvi Bharat,Tech Guru,https://play.google.com/store/apps/details?id=co.rogers.feggr,Education Rogers Media
Know my hero,Saket Kumar,My Hero Run,https://play.google.com/store/apps/details?id=com.arcade.hero.run,Hola Games
The suitors quiz,Tanuja Bodas,Guess The Movie Quiz,https://play.google.com/store/apps/details?id=logo.quiz.guess.movie,bubble quiz games
Camaro Scanner,MKM,Car Scanner ELM OBD2,https://play.google.com/store/apps/details?id=com.ovz.carscanner,0vZ
Internet of Things League,Shubham,Internet of Things,https://play.google.com/store/apps/details?id=com.macbooth.internetofthings,macbooth
Continente Siga,Shelf.AI,Continente Siga,https://play.google.com/store/apps/details?id=pt.continente.ContinenteSiga,"Modelo Continente Hipermercados, SA"
Alertable,PEASI,Alertable,https://play.google.com/store/apps/details?id=com.artermobilize.alertable,PEASI
Simply Conserve,"AM Conservation Group, Inc.",Simply Conserve,https://play.google.com/store/apps/details?id=com.simplyconserve.smart,"AM Conservation Group, Inc."
House Log,ChkChk,House Flip,https://play.google.com/store/apps/details?id=com.fungi.houseflip,fun-gi
Bad√É¬≠√ä¬ø Today,Glen Little,-,-,-
muslim community in chicago,IEC Husaini,IslamiCity Muslim eCommunity,https://play.google.com/store/apps/details?id=hadi.org.islamicityapp,IslamiCity
Freedom 970,Futuri Media,Freedom 95.9 - AM 1290,https://play.google.com/store/apps/details?id=com.alphamedia.wpbghd3,"Midwest Communications, Inc."
Mr. Bolly,TSD,Mr Bullet 3D,https://play.google.com/store/apps/details?id=com.onebutton.mrbullet3d,Lion Studios
Quiz on Hinduism,Mayank Tygai,Hinduism Quiz,https://play.google.com/store/apps/details?id=rs.quiz.trivia.Hinduism,ü¶ä RSApps - Quiz & Games ü¶ä
Dr Medicos,Basharat,Dr. Panda Classics,https://play.google.com/store/apps/details?id=com.drpanda.collection,Dr. Panda
Cyber Girl,Madhuri,Cyber Rebellion,https://play.google.com/store/apps/details?id=com.emagroups.fa,NEOCRAFT LIMITED
chimes radio,Chimes Radio,Chimes: Kids Audio Stories,https://play.google.com/store/apps/details?id=com.chimesradio.chimes,BlueBall Media and Entertainment Pvt. Ltd.
The Stellar Forecast,Cognifi Studios,What The Forecast,https://play.google.com/store/apps/details?id=com.williamking.whattheforecast,Byzantine Apps LLC
GK Quiz App,Hamza Productions,Sharp Quiz - GK Quiz App,https://play.google.com/store/apps/details?id=com.sharpquiz,RESILIENCESOFT
Hand Wash Hero,Voxly Digital,Every Hero - Smash Action,https://play.google.com/store/apps/details?id=com.feelinggame.everyheroaction,Feeling Game Company
TECH X QUIZ,Suraj,Tech Quiz Master - Quiz Games,https://play.google.com/store/apps/details?id=com.eggies.techquizmaster,Eggies
Cool English Robot,National Taiwan Normal University,Bubble Robot,https://play.google.com/store/apps/details?id=it.clementoni.bubble,Clementoni S.p.A.
My Book Friend,Priyanka L Jawade,Epic: Kids' Books & Reading,https://play.google.com/store/apps/details?id=com.getepic.Epic,Epic! Creations Inc
BMI check,Sathish Kumar S,BMI Calculator,https://play.google.com/store/apps/details?id=com.appovo.bmicalculator,Appovo
Fit Bro,Sathish Kumar S,fitpro,https://play.google.com/store/apps/details?id=cn.xiaofengkj.fitpro,"Shenzhen Well Health Management Technology Co, Ltd"
Bollywood Buff Trivia,Haridas YashashChandra,Bollywood Quiz - Movies Trivia,https://play.google.com/store/apps/details?id=com.quiz.bollywood.trivia.guess.movie,ThinkQube
Basic General Knowledge Quiz for Children,Harshil Patel,General Knowledge Quiz,https://play.google.com/store/apps/details?id=com.timleg.quiz,TIMLEG
terry tells story,wei zhang,Storyteller,https://play.google.com/store/apps/details?id=com.netflix.NGP.Storyteller,"Netflix, Inc."
seven minute workout,Bart Bellefroid,Seven - 7 Minute Workout,https://play.google.com/store/apps/details?id=se.perigee.android.seven,Perigee AB
Sing Turkish National Anthem,ChunkyBusiness,National Anthem Song,https://play.google.com/store/apps/details?id=com.helping.world.national.anthem,HelpingApps
Cat sounds,music dev,Cat Sounds,https://play.google.com/store/apps/details?id=cat.ereza.sounds.cats,Playful.cat
Meditation Mentor,Quarry Lane Meditation Club,Balance: Meditation & Sleep,https://play.google.com/store/apps/details?id=com.elevatelabs.geonosis,Elevate Labs
Eureka Smart Living,Eureka,Eureka Smart Living,https://play.google.com/store/apps/details?id=me.eureka.esl.app,Eureka.me
One piece family,music dev,ONE PIECE Bounty Rush,https://play.google.com/store/apps/details?id=com.bandainamcoent.opbrww,Bandai Namco Entertainment Inc.
Bernie Sanders Soundboard,Sam Kauffman,Streamer Soundboard,https://play.google.com/store/apps/details?id=com.cacerescreation.soundboard,Caceres Creations
The Dallas Morning News,nan,The Dallas Morning News,https://play.google.com/store/apps/details?id=com.pagesuite.DallasMorningNews,The Dallas Morning News
750 The Game,Futuri Media,Find the difference 750+,https://play.google.com/store/apps/details?id=com.superswell.findthedifference,SuperSwell
Health And Diet Knowledge Gainer O Mania,Healthcare,Calorie Counter - MyNetDiary,https://play.google.com/store/apps/details?id=com.fourtechnologies.mynetdiary.ad,MyNetDiary.com
Raffle Manager,Aineth,Raffle Creator,https://play.google.com/store/apps/details?id=co.za.chester.rafflecreator.rafflecreator,Chester Cobus
High Order Analytics,High Order Analytics LLC.,Number Analytics,https://play.google.com/store/apps/details?id=com.numberanalytics.app,Number Analytics LLC
Fantasy Fate,Jessica & Cody,Fate RPG App,https://play.google.com/store/apps/details?id=com.someguy590.faterpgapp,someguy590
Nutella Creations,Ferrero USA,Neku: OC character creator,https://play.google.com/store/apps/details?id=com.stickermobi.avatarmaker,Sticker Maker Inc.
G.K Quiz Factory,Ajay,GK Quiz General Knowledge App,https://play.google.com/store/apps/details?id=nithra.quiz,Nithra
Sing Norwegian National Anthem,ChunkyBusiness,National Anthem Song,https://play.google.com/store/apps/details?id=com.helping.world.national.anthem,HelpingApps
genius job offering,Genius Voice,Monster Job Search,https://play.google.com/store/apps/details?id=com.jobrapp.jobr,Monster Worldwide
One Piece theme song,music dev,ONE PIECE TREASURE CRUISE-RPG,https://play.google.com/store/apps/details?id=com.namcobandaigames.spmoja010E,Bandai Namco Entertainment Inc.
Spectrum Autism Research,nan,Autism Test (Child),https://play.google.com/store/apps/details?id=com.autismchild.test,Inquiry Health LLC
Yo Mind Reader,Yogesh Kumar R,Mind Reader,https://play.google.com/store/apps/details?id=com.saawanapps.mindreader,Saawan Apps
Affinia Fifty,Ameniti Inc.,Fifty,https://play.google.com/store/apps/details?id=com.thefiftyapp,Fifty.do
Hamre vs Buben's Music,Wounded Hearts Productions,YouTube Music,https://play.google.com/store/apps/details?id=com.google.android.apps.youtube.music,Google LLC
Sashbros Studios,Sarvagna Shukla,Super Smash Voices,https://play.google.com/store/apps/details?id=com.mixinverse.misinbros.smashvoice,MixinVerse
Hacking Basics Quiz,Rahul kr Roy,Learn Ethical Hacking Skills,https://play.google.com/store/apps/details?id=com.tutorialsfreak.ethicalhacking,WsCube Tech
Dense Vision Shrine,Wounded Hearts Productions,Vision AI,https://play.google.com/store/apps/details?id=com.mksmohan.visionai,mksmohan
Gaana Quiz,Kriti Chopra,Guess the Song Quiz 2023,https://play.google.com/store/apps/details?id=com.knowledgequizgames.guessthesong,TLA Quiz n Button
IPL fan inside me,Sourabh Miraje,IPL,https://play.google.com/store/apps/details?id=com.pulselive.bcci.android,IN10 Media Private Limited
Loop It,SoapVox,Loop it,https://play.google.com/store/apps/details?id=com.ramsayamarin.loopit,Popcorn Chef
Volleyball Stats,Maildover LLC,Volleyball StatKeeper,https://play.google.com/store/apps/details?id=uk.co.numjew_solutions.statkeeperbase.volleyball,Numjew Solutions Ltd
Question of the Day,Matchbox.io,Neurology Question of the Day,https://play.google.com/store/apps/details?id=com.aanqod,American Academy of Neurology
Modern Quiz,Faizan Ahmed,General Knowledge Quiz,https://play.google.com/store/apps/details?id=com.timleg.quiz,TIMLEG
Flower Facts,Sen,Daily Random Facts,https://play.google.com/store/apps/details?id=com.hrd.facts,Monkey Taps LLC
Movie freak,Pradipta Ghatak,MovieArk: Stream Movies & Live,https://play.google.com/store/apps/details?id=com.tcl.movieark,FALCON GLOBAL TECH
chunkey monkey,ChunkyBusiness,Jungle Runner Monkey Games,https://play.google.com/store/apps/details?id=com.spirit.web.zoo.forest.wood.apps,Ultimate Gaming Studio
The Ultimate QuizzBizz,Thorat Gaming,QuizDuel! Quiz & Trivia Game,https://play.google.com/store/apps/details?id=se.maginteractive.quizduel2,MAG Interactive
Shilpa Shetty Yoga,ArrowAI,Simple Soulful | Shilpa Shetty,https://play.google.com/store/apps/details?id=com.ssk.android,SSK Osmosis Private Limited
chess tutor,nan,Chess for Kids - Play & Learn,https://play.google.com/store/apps/details?id=com.chesskid,Chess.com
joke about dogs,Voxion,Fake Call Dogs Prank,https://play.google.com/store/apps/details?id=com.vectorm.videodogcalls,Vector M Production & Sergey Stepanets
Maya Companion,Harsh Kotwani,Maya AI GPT: Companion,https://play.google.com/store/apps/details?id=com.MetaverseMarvels.MayaAiAugmentedRealityMetaHumanGPT,Metaverse Marvels
Potter Verse,nan,Harry Potter: Puzzles & Spells,https://play.google.com/store/apps/details?id=com.zynga.pottermatch,Zynga
money intelligence,Money Intelligence,Money Masters: Learn Finance,https://play.google.com/store/apps/details?id=com.mnymstrs.twa,Money Masters App
quiz finder,Bannari Amman Institute of Technology,AR Book Finder (Barcode Scan),https://play.google.com/store/apps/details?id=net.appzzang.book_finder,Î∞ïÏÑ±Ïïà
Kartik's Quiz,kartik kakad,Logo Quiz,https://play.google.com/store/apps/details?id=logos.quiz.companies.game,bubble quiz games
Orlando Sentinel,Orlando Sentinel,Orlando Sentinel,https://play.google.com/store/apps/details?id=com.apptivateme.next.os,Tribune Publishing Inc.
GENERAL KNOWLEDGE EASY QUIZ,Suyesh Badge,General Knowledge Quiz,https://play.google.com/store/apps/details?id=com.timleg.quiz,TIMLEG
thirty second quiz,Asim Pathan,Five in Thirty - 30 seconds,https://play.google.com/store/apps/details?id=com.app.fiveinthirty,Damp Apps
Mr.Communication Networks,AKHILDAS KS,-,-,-
Marketing Tips,Orren Prunckun,Tips Digital Marketing Online,https://play.google.com/store/apps/details?id=com.Ahbar.BelajarDigitalMarketingOnline,Ahbar Studio
Learn Telugu,aiTeachMe,Ling - Learn Telugu Language,https://play.google.com/store/apps/details?id=com.simyasolutions.ling.te,Ling Learn Languages
Day Of School,"Abhinav Kandula, Justin Kandula",Old School,https://play.google.com/store/apps/details?id=com.MDickie.OldSchool,MDickie
yolink,YoSmart Inc.,YoLink,https://play.google.com/store/apps/details?id=com.yosmart.yolink,Yosmart Inc.
Can You Save Me,Emily Nguyen,YouTube Music,https://play.google.com/store/apps/details?id=com.google.android.apps.youtube.music,Google LLC
Samrat smart quiz,Samrat Rode,TRIVIA STAR Quiz Games Offline,https://play.google.com/store/apps/details?id=com.trivia.star.android,Super Lucky Games LLC
Bad Joke,Voxion,Dad Jokes Duel,https://play.google.com/store/apps/details?id=com.theedo.dadjokesduel,Edo developers
Magic Seven cube,Zami,Magic Cube,https://play.google.com/store/apps/details?id=org.distorted.magic,Leszek Koltunski
Dilemma of the Day,VoxLR8,Dilemma Game,https://play.google.com/store/apps/details?id=nl.eur.dilemmagame,Erasmus Universiteit Rotterdam
Dr Daily Motivation,Saisha Enterprises,Mindset: Daily Motivation,https://play.google.com/store/apps/details?id=com.mindset.app,Mindset Motivation Inc.
Musical Instruments Quiz,Silver Surfer,Music Games: Music Quiz,https://play.google.com/store/apps/details?id=brain.training.game.music,Riafy Technologies
Dr.Python Quiz,AKHILDAS KS,Learn Python,https://play.google.com/store/apps/details?id=python.learnpython.learn.pythonx.coding.programming.python3.tutorials.codingx,Online learning & growth institute
Proscenic,jacky lee,Proscenic,https://play.google.com/store/apps/details?id=com.proscenic.smart.robot,"Shenzhen Proscenic Technology Co.,Ltd"
Woods Connect,Woods TES Sweden AB,Woods Connect,https://play.google.com/store/apps/details?id=com.woods.smart,Woods TES Sweden
Animal Kids,Philip Thomas,Animal Jam,https://play.google.com/store/apps/details?id=com.WildWorks.AnimalJamPlayWild,WildWorks
tricky bible quiz,shivani kodape,Daily Bible Quiz Bible Games,https://play.google.com/store/apps/details?id=com.wolf.studio.bible.quiz.trivia.games,Wolfstudios
Quiz for life,orgino,Quiz For LIFE,https://play.google.com/store/apps/details?id=com.forlife.quiz,For LIFE
chem funn,Shafeek,Chemical Substances: Chem-Quiz,https://play.google.com/store/apps/details?id=com.asmolgam.chemicals,Andrey Solovyev
Mr. Trex,Deependra Shekhawat,Miami Rex,https://play.google.com/store/apps/details?id=air.miamirexandro001,Gametornado
Oscars Quiz,Gaurav Garg,TRIVIA STAR Quiz Games Offline,https://play.google.com/store/apps/details?id=com.trivia.star.android,Super Lucky Games LLC
Bollywood in India,Ayush Tamta,BollywoodMDB,https://play.google.com/store/apps/details?id=com.bollywoodmdb,Boppo Entertainment
Ultimate Quiz SOLAR ENERGY,Miss Sakshi Shendre,Planets Quiz: Solar System Tri,https://play.google.com/store/apps/details?id=com.planets.quiz.solar.system.trivia.quiz,Innovative Xtudio
The Flux Komplex,Wounded Hearts Productions,Flux,https://play.google.com/store/apps/details?id=com.fluxpayment,Blueloop Inc.
Wizarding world,Bhanu Industries,Harry Potter Fan Club,https://play.google.com/store/apps/details?id=com.wwdfe.goog.wizardingworld,Wizarding World Digital
Parineeti Chopra fan,Gaurav Garg,Parineeti Chopra Wallpapers,https://play.google.com/store/apps/details?id=com.zeroapp.parineeti_chopra_wallpapers,zeroapp
c programming basic operator practice quiz,shivank,Programming Quiz,https://play.google.com/store/apps/details?id=com.ak.tathtatgujarat,Everything You Want Is Always Here
cloud computing news,Caleb Lemoine,"Cloud Computing, Big Data News",https://play.google.com/store/apps/details?id=com.briox.riversip.android.rnd.cloud,Loyal_Apps
Iron Man Facts Quiz,Ankit Nayak,Ultimate Facts - Did You Know?,https://play.google.com/store/apps/details?id=com.viyatek.ultimatefacts,Prometheus Interactive LLC
Joke In English,Voxion,Funny Jokes,https://play.google.com/store/apps/details?id=com.happyapplab.funnyjokes,Happy App Lab
flip the coin,Yashash Jain,Simple Coin Flip,https://play.google.com/store/apps/details?id=com.banasiak.coinflip,Richard Banasiak
Simon iO,Simon S.A.,Simon iO,https://play.google.com/store/apps/details?id=com.simonholding.walia,"Simon, S.A."
Facts about Vodka,Hold my Vodka,Pocket Facts: Did you know?,https://play.google.com/store/apps/details?id=com.gvapps.facts,GV apps
seven mirrors,nan,Screen Mirroring - 1001 TVs,https://play.google.com/store/apps/details?id=com.nero.swiftlink.mirror,Nero AG
Kohler,Kohler Company,KOHLER Konnect,https://play.google.com/store/apps/details?id=com.kohler.hermoth,Kohler Company
Mr.Copycat,SehyungLee,Mr. Hopp's Playhouse,https://play.google.com/store/apps/details?id=com.phatmojo.mrhoppsplayhouse,Moonbit
Arcane Art's Music,Wounded Hearts Productions,Arcane Arts Magic Management 2,https://play.google.com/store/apps/details?id=com.gamehouse.arcane2,GameHouse Original Stories
Politics India by Pratik,Pratik,Politics and War,https://play.google.com/store/apps/details?id=com.game.politicsandwar,Yellowstone Digital Media LLC
Most beautiful country,Mitali agrawal,Country War,https://play.google.com/store/apps/details?id=com.bergames.europewar,BER Games
Tooth fairy,ABLE VARGHESE,Tooth Fairy CAMERA,https://play.google.com/store/apps/details?id=dk.superfilm.toothfairycameraandroid,Soeren Lisager
Relaxing music,music dev,Relaxing Music: Sleep Sounds,https://play.google.com/store/apps/details?id=com.dreamstudio.relaxingmusicsleepsounds,Dream_Studio
MCU Master,Anandhu,MOD-MASTER For Minecraft PE,https://play.google.com/store/apps/details?id=more.addonsformcpe.minecraft,Addons for mcpe
ALIENS FACTS,HiPRoCkDiVa,Alien Scanner,https://play.google.com/store/apps/details?id=schmitz.florian.alien_scanner,Florian Schmitz
Fruit Cups,fcdevs,Fruit Drop Master,https://play.google.com/store/apps/details?id=com.metagame.watermelonmastermergefruit,Metagame.Ltd
Guess My Birthday,Avichal Srivastava,Famous Birthdays,https://play.google.com/store/apps/details?id=com.famousbirthdays,Famous Birthdays
The MCU Avengers Quiz,Anom Devgun,DC Super Hero Quiz,https://play.google.com/store/apps/details?id=com.twobro.dcsuperheroquiz,Twobro apps
Oz Lotteries,Oz Lotteries,Loto-Qu√©bec Lotteries,https://play.google.com/store/apps/details?id=com.lotoquebec.lotteries,Loto-Qu√©bec
Hasegawa Dementia Scale,creativival,U-Scale,https://play.google.com/store/apps/details?id=cz.umax.uscale,UMAX
Fearless Cissie Graham Lynch,Billy Graham Evangelistic Association,Billy Graham Evangelistic Assn,https://play.google.com/store/apps/details?id=com.subsplash.thechurchapp.billygrahamevangelisticassociation,Subsplash Inc
Fun with programming,Kunj Gopal Shah,Learn Coding/Programming: Mimo,https://play.google.com/store/apps/details?id=com.getmimo,Mimo: Learn to Code
tech tickle,Hardik Chavda,Tickle Anne 2,https://play.google.com/store/apps/details?id=com.Rmddum.TickleAnne1,Rmddum
Study Material,Study Material,Studocu: Study Notes & Sharing,https://play.google.com/store/apps/details?id=com.studocu.app,StuDocu
blurams,blurams,blurams,https://play.google.com/store/apps/details?id=com.blurams.ipc,"Hangzhou Vision Insight Technology Co.,Ltd."
Spaced Quiz,Janmejaya,Space Academy: Solar Quiz,https://play.google.com/store/apps/details?id=org.hyperskill.app.saa.android,Hyperskill
frozen trivia,kanishka jain,Word Trivia - Word Quiz Games,https://play.google.com/store/apps/details?id=trivia.quiz.trivia.star.millionaire.word.question.offine.game.free,Magic Word Games
Voice Designer,Data Driven Design,SpeechLab: AI Voice Changer,https://play.google.com/store/apps/details?id=com.stringcode.speechlab,stringcode ou
CS Spot Guide,nan,Live Sports TV Listings Guide,https://play.google.com/store/apps/details?id=sport.mobile2ds.com,Mobile2ds
Amazing Facts about Black Holes,nan,Idle Black Hole,https://play.google.com/store/apps/details?id=com.yellowpandagames.blackhole,Yellow Panda Games
Chocolatey world trivia,Monika Koladiya,Logo Quiz - World Trivia Game,https://play.google.com/store/apps/details?id=com.logoquiz.triviagame,PrizePool Studios
Quiz Environmental issues,jyotsana,Environmental Studies Quiz,https://play.google.com/store/apps/details?id=io.kodular.purpleredyellow515717.Environmental_Studies_Quiz,ISC Developer
Fun with knowledge,Masumi,Knowledge,https://play.google.com/store/apps/details?id=ca.knowledge.kapp,Knowledge Network
Lumi Life,Lumi JSC,Lumi Life+,https://play.google.com/store/apps/details?id=com.lumi.lumilife,Lumi
AuraConnect,imi-hydronic.com,Aura Connect‚Ñ¢,https://play.google.com/store/apps/details?id=com.teranovo.aura,Inforesight Consumer Products
English collective noun finding power,onestar,Collective nouns of english,https://play.google.com/store/apps/details?id=com.kbmobile.english300words4,kbmobile
Fury Nick Avengers,Yash Kesarwani,Vlad and Niki Superheroes,https://play.google.com/store/apps/details?id=com.psv.vlad_and_niki.superheroes,Hippo Kids Games
LOVE WEEK QUIZ,SHUBHAM MAURYA,We Love Quiz,https://play.google.com/store/apps/details?id=uk.co.thenationalquiz.thenationalquiz,The National Quiz
brightside's quiz,As a developer,TRIVIA STAR Quiz Games Offline,https://play.google.com/store/apps/details?id=com.trivia.star.android,Super Lucky Games LLC
International Days Quiz,SHUBHAM MAURYA,General Knowledge Quiz,https://play.google.com/store/apps/details?id=com.timleg.quiz,TIMLEG
Dr.Zyclavian.,nan,-,-,-
Ultimate King Of Knowledge,Saurav Methaniya,Power Of Knowledge : Trivia,https://play.google.com/store/apps/details?id=com.trivia.knowledgeispower,Evrika Games LLC
Kid Circle,KidCircle Inc,Circle Parental Controls App,https://play.google.com/store/apps/details?id=com.meetcircle.circle,Aura Sub LLC
Quiz madness,Divam Shah,Trivia Madness,https://play.google.com/store/apps/details?id=com.gimica.triviamadness,Gimica GmbH
Avengers Stark,Ayushman Parida,Idle Avengers Tower,https://play.google.com/store/apps/details?id=com.StarLegion.IdleAvengersTower,Star Legion
New Country Capital Quiz,nan,Capitals of the countries Quiz,https://play.google.com/store/apps/details?id=com.mary.jeanphilippe.capitale,Jean-Philippe MARY
Mr GOT,nan,Mr. Hopp's Manor Escape,https://play.google.com/store/apps/details?id=com.moonbit.hoppescape,Moonbit
Mr. Indian Foodie,Milan Lakhani,Cooking Mart - Indian Cooking,https://play.google.com/store/apps/details?id=com.restaurantgames.cookingmart,Fun World Games
Dr. QuizBuzz,nan,BuzzFeed - Quizzes & News,https://play.google.com/store/apps/details?id=com.buzzfeed.android,BuzzFeed
cloud learning,Francisco Massanet-Nicolau,LinkedIn Learning,https://play.google.com/store/apps/details?id=com.linkedin.android.learning,LinkedIn
Fellow Hacker,Sravani,Hackers,https://play.google.com/store/apps/details?id=com.tricksterarts.hackers,Trickster Arts
Capital Country,Indra Kumar Gupta,Capitals of the countries Quiz,https://play.google.com/store/apps/details?id=com.mary.jeanphilippe.capitale,Jean-Philippe MARY
The Enterprise BS Generator,nan,Function Generator,https://play.google.com/store/apps/details?id=com.keuwl.functiongenerator,keuwlsoft
NFL Football Trivia,Franky & Son,Who's the NFL Football Player,https://play.google.com/store/apps/details?id=net.mobile23.whosthenflfootballplayer,Mobile23.net
Europe Capital Quiz,nan,Capitals Quizzer,https://play.google.com/store/apps/details?id=org.supergonk.capitals,Supergonk
Big Bang Trivia,Kshitij,Big Bang Theory Quiz,https://play.google.com/store/apps/details?id=com.tingly.tbbt,LYT Studio
Chucky Doll Facts,Hiprockdiva,chucky doll fake call Video,https://play.google.com/store/apps/details?id=com.fakevideo.chucky.chuckyochat,GoomStudio
Daily Prayer,isscroberto,Daily Prayer App,https://play.google.com/store/apps/details?id=com.rethinkme.dailyPrayer,RethinkMe
The Blockchain Teacher,nan,Learn Blockchain -Cryptography,https://play.google.com/store/apps/details?id=com.magicforstudio.blockchain,Magic4Studio
Sun Facts,nan,Sun Locator - Position Seeker,https://play.google.com/store/apps/details?id=com.genewarrior.sunlocator.lite,Battery Stats Saver
voice act,Blaze Automation,Voice Access,https://play.google.com/store/apps/details?id=com.google.android.apps.accessibility.voiceaccess,Google LLC
Sachin Technical,nan,Elevate Technical App,https://play.google.com/store/apps/details?id=com.holcimbe.technical,Holcim IT
Chemical Agent,Govind Singh Rathore,Chemical Manager,https://play.google.com/store/apps/details?id=com.ecoonline.ecoarchiveapp,EcoOnline AS
Marvel movies quiz,nan,Movie Quiz,https://play.google.com/store/apps/details?id=com.raci.moviequizandwatchlist,Certain Games
Important Days Quiz,Jainil Somani,Big Questions Quiz Game,https://play.google.com/store/apps/details?id=br.com.zeroum.oxford.bigquestions,01Digital
Kuttycoders JR,nan,Tynker - Learn to Code,https://play.google.com/store/apps/details?id=com.tynker.TynkerBlockCoding,Tynker
Visual Studio Quiz,Delpin Susai Raj,Visual Studio Guide,https://play.google.com/store/apps/details?id=com.mobeasyapp.app386316810794,Anan Daod
Rajasthani Facts,Ramit Agarwal,Amazing Psychology Facts,https://play.google.com/store/apps/details?id=com.gvapps.psychologyfacts,GV apps
amazing PUBG quiz,Ishaan Bedi,Mega Quiz Gaming 2024,https://play.google.com/store/apps/details?id=com.HeyNau.MegaQuizGaming,HeyNau
Pigeon Treat,nan,-,-,-
WC Cric trivia,SJ Enterprises,Trivia Crack,https://play.google.com/store/apps/details?id=com.etermax.preguntados.lite,etermax
Brain fade,nan,Brain Games - Left vs Right,https://play.google.com/store/apps/details?id=com.mochibits.google.leftvsright,MochiBits
Sushi Facts,VoiceDove,Sushi Bar Idle,https://play.google.com/store/apps/details?id=com.gpp.sushibar,Green Panda Games
todays lucky horoscope,nan,Daily Horoscope,https://play.google.com/store/apps/details?id=info.androidz.horoscope,Horoscope by Comitic
Orpat nitro,nan,Asphalt Nitro,https://play.google.com/store/apps/details?id=com.gameloft.android.ANMP.GloftAGHM,Gameloft SE
Spiri Chatbot,Awakening Mind,Ask AI - Chat with AI Chatbot,https://play.google.com/store/apps/details?id=com.codeway.chatapp,Codeway Dijital
Proven HR,Mohd Haneef,Proven CRM Mobile,https://play.google.com/store/apps/details?id=crm.proven.mobile,Canam Systems
Netflix Marvel Trivia,Subrajeet,Heads Up! Netflix Edition,https://play.google.com/store/apps/details?id=com.netflix.NGP.HeadsUp2,"Netflix, Inc."
Pixie Dicer,Akanksha Bhasin,Pixie,https://play.google.com/store/apps/details?id=mobi.pixie.app,PixieTeam
Independent Quiz,Debdut Goswami,General Knowledge Quiz,https://play.google.com/store/apps/details?id=com.timleg.quiz,TIMLEG
Find the brand,Lakhan Chavda,Logo Quiz: Guess the Brand!,https://play.google.com/store/apps/details?id=com.kolmogames.logoquiz,Kolmo Games
FINANCE QUIZMANIA,YASHASVI MODY,Quiz Planet,https://play.google.com/store/apps/details?id=com.lotum.quizplanet,Lotum one GmbH
find my persona,nan,"Findo: Find my Friends, Phone",https://play.google.com/store/apps/details?id=find.my.friends.family.phone.gps.location.device.tracker.locator,BP Mobile LLC
Strawberry Facts,nan,Strawberry Shortcake Sweets,https://play.google.com/store/apps/details?id=com.budgestudios.StrawberryShortcakeSweetShop,Budge Studios
Physical World,Ansh Goyal,Physical World Map,https://play.google.com/store/apps/details?id=com.worldmap.physicalworldmap,Education point
Football Stadiums Quiz,Himanshi Singh,Football Stadium Quiz,https://play.google.com/store/apps/details?id=com.CaneMilio.FootballStadiumQuiz,CaneMilio
Fascinating Facts Quiz,PURVIL BHARTHANIA,Daily Random Facts,https://play.google.com/store/apps/details?id=com.hrd.facts,Monkey Taps LLC
Quiz Chemistry,Batukbhai Tarsariya,Chemistry,https://play.google.com/store/apps/details?id=com.chemistry,diniska
Impractical brain jammer,nan,DAF Jammer,https://play.google.com/store/apps/details?id=com.sagebrush.stfu,Sagebrush Systems Inc
know your got character trivia,Rahul Roy,Which character are you? QUIZ,https://play.google.com/store/apps/details?id=com.UUSoft.WCAY,UU Software
The Marvel Fandom,Rishi Arora,Fandom,https://play.google.com/store/apps/details?id=com.fandom.app,"Fandom, Incorporated"
IPL Players Quiz,nan,Guess IPL Players 2024 Quiz,https://play.google.com/store/apps/details?id=com.rdquiz.guessiplplayersquiz,100 Quiz
FUN WITH CHEMISTRY,PRIYANSHU JHA,Chemistry,https://play.google.com/store/apps/details?id=com.chemistry,diniska
Expert of Cricket,Vraj Baxi,Expert Cricket Prediction,https://play.google.com/store/apps/details?id=co.median.android.xnbdra,ExpertsFreeTips IPL Toss Prediction Cricket Expert
Asteroid quiz,nan,Asteroid,https://play.google.com/store/apps/details?id=com.maxelus.livewallpaper.asteroid,maxelus.net
Basic GK Quiz,Dharmik Patel,Sharp Quiz - GK Quiz App,https://play.google.com/store/apps/details?id=com.sharpquiz,RESILIENCESOFT
CC Quizer,nan,Quizzer (create tests),https://play.google.com/store/apps/details?id=com.sergioyanes.quizzer,Sergio Yanes
FRIENDS Fan Quiz,Abhishek Singh,Friends Trivia Quiz,https://play.google.com/store/apps/details?id=com.vgcentral.friendsquiz,VGcentral
noble prize,Bharti Uikey,Prize Blast,https://play.google.com/store/apps/details?id=com.lagoonsoft.pb,Lagoon Software
Quiz by Mahabharat's Time,Manish Kumar,Mahabharat Quiz,https://play.google.com/store/apps/details?id=com.shuvankarsarkar.mahabharatquiz,Shuvankar Sarkar
The Rooster Cast,witlingo,"Cast to TV, Chromecast & Roku",https://play.google.com/store/apps/details?id=cast.video.screenmirroring.casttotv,InShot Inc.
Science curiosity,Pawan Dumka,Curiosity Stream,https://play.google.com/store/apps/details?id=com.curiosity.curiositystream,CuriosityStream Inc.
Chess Newbie,Shubham Garg,Chessable,https://play.google.com/store/apps/details?id=com.chessable.chessable,Chess.com
DICE GAMBLER,nan,Phone Dice‚Ñ¢ Street Dice Game,https://play.google.com/store/apps/details?id=com.siliconmalta.phonedicegame,BadBoysGames
Ubuntu Commands,Astha Singh,Linux Command Library,https://play.google.com/store/apps/details?id=com.inspiredandroid.linuxcommandbibliotheca,Simon Schubert
Name the singer,Devashish Pathak,Guess The Singer By Picture,https://play.google.com/store/apps/details?id=com.joblesslady.guessthesingerbypicture,RhinoX Developers
Game of Thrones Expert,Ashish Kumar,Game Of Thrones Quiz,https://play.google.com/store/apps/details?id=com.kadax.gameofthronesquiz,Kadax Games
Mind it,Piyush Verma,Minds,https://play.google.com/store/apps/details?id=com.minds.mobile,Minds
quiz by the starks of Winterfell,nan,Guess The Movie Quiz,https://play.google.com/store/apps/details?id=logo.quiz.guess.movie,bubble quiz games
Coach Cabi,nan,AF Coach App,https://play.google.com/store/apps/details?id=com.anytimefitness.coachapp,"Anytime Fitness, LLC"
Interview Buddy,Lucky Kumar,Interview Buddy,https://play.google.com/store/apps/details?id=co.marshal.fhvrc,Education Marshal Media
Chord Assist,nan,Chord ai - learn any song,https://play.google.com/store/apps/details?id=com.chordai,Chord ai
Planet Earth,David Ivancik,Google Earth,https://play.google.com/store/apps/details?id=com.google.earth,Google LLC
Dragon Ball Master,Arjun Rupavatia,DRAGON BALL Games Battle Hour,https://play.google.com/store/apps/details?id=com.bandainamcoent.db_event_project,Bandai Namco Entertainment Inc.
Mr.Iconic,Mr. AJ,Matchington Mansion,https://play.google.com/store/apps/details?id=com.matchington.mansion,"Magic Tavern, Inc."
PUBG Questions,Chinni Sahil Kumar,PUBG MOBILE,https://play.google.com/store/apps/details?id=com.tencent.ig,Level Infinite
Guess the word,LavaSmoothie,Wordlook - Guess The Word Game,https://play.google.com/store/apps/details?id=com.matchasaucellc.word.hound.android,Matcha Sauce LLC
find fruit,Bhargava teja,Fruit Bump,https://play.google.com/store/apps/details?id=com.FruitBump,Twimler
Real English,WROFF,"RealLife: Speak, Learn English",https://play.google.com/store/apps/details?id=com.reallifeglobal.app,RealLife English
Christmas Jokes,nan,Jokes!,https://play.google.com/store/apps/details?id=com.chrishouston.jokes,Chris Houston
The Auto bot,Dheeraj GSS,Auto Reply Chat Bot,https://play.google.com/store/apps/details?id=com.pransuinc.autoreply,PransuInc
News Results from Authorlink,nan,News in Levels: Learn English,https://play.google.com/store/apps/details?id=com.newsinlevels,News in Levels
News Results from Washington Post,nan,The Washington Post,https://play.google.com/store/apps/details?id=com.washingtonpost.android,The Washington Post
News Results from CBS Houston,nan,FOX 26 Houston: News,https://play.google.com/store/apps/details?id=com.fox.droid.foxkriv,"Fox Television Stations, Inc."
Dish Master,nan,Dish Master,https://play.google.com/store/apps/details?id=com.dishmaster,Hafiz Zain
KTControl,kangtai,KT Smart WiFi,https://play.google.com/store/apps/details?id=com.ktapp.wifi,"Kangtai Electric co., ltd."
AVE Home,AVE spa,AVE Cloud,https://play.google.com/store/apps/details?id=it.ave.avecloud,AVE S.p.a.
Hogar Pro,Hogar Controls,Hogar Pro S,https://play.google.com/store/apps/details?id=com.hogar.hogarpros,Hogar Controls India Pvt Ltd
Brilliant Smart,Brilliant Lighting PTY,Brilliant Smart,https://play.google.com/store/apps/details?id=com.brilliantlighting.brain,Brilliant Lighting (Aust) Pty Ltd
Imam Fact,Liaquat Ali,Imam Ali AS - ÿßŸÖÿßŸÖ ÿπŸÑ€åÿë,https://play.google.com/store/apps/details?id=org.jbht.magnificent,JBH Informatics
Vaish Rivers,Vaishnavi Joshi,Alberta Rivers,https://play.google.com/store/apps/details?id=ca.ab.gov.abrivers,Government of the Province of Alberta
Cyber Myler,nan,Cyber Surfer,https://play.google.com/store/apps/details?id=com.dancing.smash.hop.game.tiles.beat.piano.surfer,BADSNOWBALL HONGKONG LIMITED
Info Quiz,Saket Saumya,General Knowledge Quiz,https://play.google.com/store/apps/details?id=com.timleg.quiz,TIMLEG
Call of Duty Knowledge,nan,Call of Duty: Mobile Season 6,https://play.google.com/store/apps/details?id=com.activision.callofduty.shooter,"Activision Publishing, Inc."
QUIZ APTITUDE,Harsh Tukadiya,Master Quantitative Aptitude,https://play.google.com/store/apps/details?id=com.quantitativeaptitude.invention_app,Basheer Creations
TechTime Quiz,TechTime,techtime - Repair Order Flat R,https://play.google.com/store/apps/details?id=com.techtimeapp.techtime,techtime software
Techmastering three,Rohit,Tile Master¬Æ - Triple Match,https://play.google.com/store/apps/details?id=com.tilemaster.puzzle.block.match,Higgs Studio
IELTS study,nan,IELTS by IDP,https://play.google.com/store/apps/details?id=com.idp.ielts,IDP Education Ltd
Accel scholarships,nan,All Scholarships App,https://play.google.com/store/apps/details?id=com.starlightinfoplaystudios.allscholarshipsapp,Starlight Infoplay Studios
Quotes And More,Alexander S.,Deep Life Quotes and Sayings,https://play.google.com/store/apps/details?id=com.gvapps.lifequotessayings,GV apps
What's up City,Owen Chu,Pocket City,https://play.google.com/store/apps/details?id=com.codebrewgames.pocketcitygame,Codebrew Games
Sql World,Narendra Singh,SQL Play,https://play.google.com/store/apps/details?id=com.sql_playground,CreativesHi
Chemical flashcards,Mayank agarwal,Organic Chemistry Flashcards,https://play.google.com/store/apps/details?id=com.jacobkearns.organicchemistryflashcards,Jacob Kearns
Auto Rookie,Rambo,Auto Clicker - Automatic tap,https://play.google.com/store/apps/details?id=com.truedevelopersstudio.automatictap.autoclicker,True Developers Studio
Minecraft facts from Sorin,nan,Minecraft,https://play.google.com/store/apps/details?id=com.mojang.minecraftpe,Mojang
Dr. Choco,nan,Toca Boca World,https://play.google.com/store/apps/details?id=com.tocaboca.tocalifeworld,Toca Boca
bmw three series,BMW,BMW Driver's Guide,https://play.google.com/store/apps/details?id=com.bmwgroup.driversguide.usa,BMW
Quiz Maniac,Ujjwal Saxena,Quiz Planet,https://play.google.com/store/apps/details?id=com.lotum.quizplanet,Lotum one GmbH
Chinese Zodiac Info,nan,Chinese Zodiac,https://play.google.com/store/apps/details?id=io.kodular.lehtiniemi85.Chinese_Zodiac,Leafapps
Programming legends,Rishi Raj Roy,Programming Hub: Learn to code,https://play.google.com/store/apps/details?id=com.freeit.java,Coding and Programming
Mains Buddy,Flobble Labs,Kick the Buddy: Forever,https://play.google.com/store/apps/details?id=com.playgendary.ktb2,Playgendary Limited
Civil Question Bank,Shivam Srivastava,Civil Engineering Basics,https://play.google.com/store/apps/details?id=com.civilengineeringbasics.sitenotes,learning applications
quotes master,naveed pathan,All Quotes App Offline,https://play.google.com/store/apps/details?id=com.droidappmaster.quotes,Droid App Master
Dr integer,Arpit Viradiya,Integer Calculator,https://play.google.com/store/apps/details?id=arvolear.calculator.calculator,Arvolear
Python Fun,nan,Learn Python,https://play.google.com/store/apps/details?id=python.learnpython.learn.pythonx.coding.programming.python3.tutorials.codingx,Online learning & growth institute
mr IOquizy,keval talaviya,-,-,-
goldberg quiz,Harshil Patel,Movie Quiz,https://play.google.com/store/apps/details?id=com.raci.moviequizandwatchlist,Certain Games
Grouping Animals,Pratik,Grow Animals,https://play.google.com/store/apps/details?id=com.vgf.animalcell,Lion Studios
Mr. Space Helper,Rishabh,Parallel Space - app cloning,https://play.google.com/store/apps/details?id=com.lbe.parallel.intl,LBE Tech
Civil Engineering Quiz,Zeeshan Aijaz,Civil Engineering Quiz,https://play.google.com/store/apps/details?id=com.sanaedutech.civil,Sana Edutech
Abdul kalam quiz,nan,APJ Abdul Kalam Quotes,https://play.google.com/store/apps/details?id=com.ampereflow.abdulKalam,Ampereflow
Mr soul prince,Meghrajsinh Chuahan,Immortal Prince,https://play.google.com/store/apps/details?id=roguelike.action.adventure,Ararat Games
City Explore Pro,Owen Chu,Citymapper,https://play.google.com/store/apps/details?id=com.citymapper.app.release,Citymapper Limited
Compare Operator,nan,Co-operators,https://play.google.com/store/apps/details?id=ca.cooperators.thecooperators,The Co-operators
Tech FF Quiz,Sugata Roy,FFire Diamond Reward Quiz,https://play.google.com/store/apps/details?id=com.fff.freediamonds.diamondrewardquiz,.Ran Dev
C Programming Language Quiz,Shah Karan K,Programming Quiz,https://play.google.com/store/apps/details?id=com.ak.tathtatgujarat,Everything You Want Is Always Here
Knowing India better,Ashish Gupta,Map of India,https://play.google.com/store/apps/details?id=com.apkstore.mapofindia,APK Store
Mr.Languager,nan,Language Transfer,https://play.google.com/store/apps/details?id=org.languagetransfer,Language Transfer
GCP Architect Exam,Trophosphere Technologies LLC,Pro Cloud Architect Exam 2024,https://play.google.com/store/apps/details?id=com.trieudadlovestun.gcppca,Tun Tran
Microsoft Imagine Cup Global Competition,Sweta Miriam George,Microsoft Designer,https://play.google.com/store/apps/details?id=com.microsoft.designer,Microsoft Corporation
World Konkani Centre,Samyuktha Prabhu,Learn Konkani. Speak Konkani.,https://play.google.com/store/apps/details?id=com.pronunciatorllc.bluebird.konkani,Bluebird Languages
GirlScript Manipal,Aditi Goyal,Manipal Hospitals,https://play.google.com/store/apps/details?id=com.manipal.manipalhospitals,Manipal Hospitals
Sasurie Infotech,Sasurie Infotech,INFOTECH HRMS,https://play.google.com/store/apps/details?id=com.infotech.mobileattendancenew,Info-Tech Systems Integrators
WIT Rethink,Atibhi Agrawal,Rethink App,https://play.google.com/store/apps/details?id=com.swapcard.apps.android.rethinkevents,Swapcard
Rahul's Resume,Rahul Syal,Resume Builder: PDF Resume App,https://play.google.com/store/apps/details?id=com.resume.builder.resumecom,Indeed Jobs
the GSSOC Bot,nan,Botify AI: Create. Chat. Bot.,https://play.google.com/store/apps/details?id=ai.botify.app,"Ex-human, Inc"
Udacity women Techmakers Scholarship bot,nan,Unicaf Scholarships,https://play.google.com/store/apps/details?id=com.app.unicaf,Unicaf Ltd
Next Big Idea Contest,Elna Boban,Next Big Idea ‚Äì Books in 15min,https://play.google.com/store/apps/details?id=com.heleo.nbic,Next Big Idea Club
Forte mba fellowship helper,nan,MBA Êô∫Â∫ì,https://play.google.com/store/apps/details?id=com.mbalib.android.wiki,MBAÊô∫Â∫ì
WeTech Qualcomm,nan,Weatec Portal,https://play.google.com/store/apps/details?id=com.weatec.weatecportal,Weatec
Coders quiz,nan,C++ Quiz,https://play.google.com/store/apps/details?id=io.cpp.quizapp,Breaking Apps
manu act,Manupatra,Companies Act 2013 & Rules,https://play.google.com/store/apps/details?id=com.rachittechnology.companiesactmadeeasy,Rachit Technology
neet info,Vidhya..,Memo Neet: Line by Line NCERT,https://play.google.com/store/apps/details?id=com.adithya.memoneet,MemoApps
Helium Grant Bot,Harsha S Warrier,Helium HNT Wallet,https://play.google.com/store/apps/details?id=com.helium.wallet.app,Helium Systems Inc
Cool English Taiwan lesson,Cool English,Duolingo: Language Lessons,https://play.google.com/store/apps/details?id=com.duolingo,Duolingo
IIT Bhubaneswar Internship program,nan,bluelearn: Find Internships,https://play.google.com/store/apps/details?id=com.bluelearn,Bluelearn
Stephen Hawking's Life,nan,Stephen Hawking Quotes,https://play.google.com/store/apps/details?id=com.solarstellar.stephenhawkingquotes,SolarStellar
chef Connie,chef Connie,CHEF iQ,https://play.google.com/store/apps/details?id=com.chefman.chefiq.prod,CHEF iQ
Legendary quiz,AJ,Logo Quiz,https://play.google.com/store/apps/details?id=logos.quiz.companies.game,bubble quiz games
Football League,nan,Football League 2024,https://play.google.com/store/apps/details?id=com.football.soccer.league,MOBILE SOCCER
Mangapidea Quiz,nan,-,-,-
Flames The Matchmaker,nan,Kitty Powers' Matchmaker,https://play.google.com/store/apps/details?id=com.magicnotion.kpmatchmaker,Magic Notion Ltd.
One Piece Quiz,Prince Mittal,ONE PIECE Bounty Rush,https://play.google.com/store/apps/details?id=com.bandainamcoent.opbrww,Bandai Namco Entertainment Inc.
Fortnite Challenger,nan,Companion for Fortnite,https://play.google.com/store/apps/details?id=com.app.companion.fortnite,GD Games & Apps
computers quiz game from sikandar,sagen inc,Computer Quiz It,https://play.google.com/store/apps/details?id=it.computer_science.trivia_quiz,Abdelaziz Sebrou
Christiano Ronaldo Biography,WROFF,Cristiano Ronaldo Call & Chat,https://play.google.com/store/apps/details?id=com.prankcallvideovoice.ronaldofakecall,Entertainment Plaza
Darts Scoreboard,nan,Darts Scoreboard,https://play.google.com/store/apps/details?id=andrewgilman.dartsscoreboard,Andy Pandy
Last Page Movies,Nikhil Mulchandani,Fawesome - Movies & TV Shows,https://play.google.com/store/apps/details?id=com.future.moviesByFawesomeAndroidTV,Future Today Inc
Prof. Game of Thrones,nan,Reigns: Game of Thrones,https://play.google.com/store/apps/details?id=com.devolver.reignsGot,DevolverDigital
Interstellar quiz,nan,TRIVIA STAR Quiz Games Offline,https://play.google.com/store/apps/details?id=com.trivia.star.android,Super Lucky Games LLC
Test my sportx,mukul,365Scores: Live Scores & News,https://play.google.com/store/apps/details?id=com.scores365,365Scores LTD
Q Trivia,AS COMPANY,Trivia Crack,https://play.google.com/store/apps/details?id=com.etermax.preguntados.lite,etermax
Mr. trait,cg47,Mr. Pain,https://play.google.com/store/apps/details?id=wc.welcomecenter.mrpain,Sunday.gg
Robbie Quiz,Duck Apartment,Soccer Fan Quiz,https://play.google.com/store/apps/details?id=com.soccerfanquiz.soccerfanquiz,Robbie Elias
Tech Skills Quiz,Abhishek Kumar,Tech Quiz Master - Quiz Games,https://play.google.com/store/apps/details?id=com.eggies.techquizmaster,Eggies
Unbelievable India,nan,Incredible India,https://play.google.com/store/apps/details?id=org.incredibleindia,Ministry of Tourism
Bit Jam,Loop Inc.,Block Jam 3D,https://play.google.com/store/apps/details?id=com.partyup.blockjam,VOODOO
IPL POP QUIZ,Rohan Ghosh,IPL Quiz,https://play.google.com/store/apps/details?id=com.rdquiz.iplquiz,100 Quiz
Super car,Bhanu Sharma,-,-,-
Bollywood Game Show,Sunidhi gupta,Bollywood Movies Guess - Quiz,https://play.google.com/store/apps/details?id=com.mujaffars.bollywoodkaboss,MjCreations
facts about buddha,shashwat raj,Motivation Daily Buddha Quotes,https://play.google.com/store/apps/details?id=com.gvapps.buddhaquotes,GV apps
Cric Trivia,Mihir Jagad,Trivia Crack,https://play.google.com/store/apps/details?id=com.etermax.preguntados.lite,etermax
Cricket Exam,nan,Cricket League,https://play.google.com/store/apps/details?id=com.miniclip.cricketleague,Miniclip.com
Silent Girl,Random Developer,SILENT HILL: Ascension,https://play.google.com/store/apps/details?id=com.genvid.shascension,Genvid Entertainment LLC
Movie Jeopardy,kkooff2000,Movie Quiz,https://play.google.com/store/apps/details?id=com.raci.moviequizandwatchlist,Certain Games
Quiz Art,Saumeen Prajapati,Art Quiz: paintings & artists,https://play.google.com/store/apps/details?id=com.ironwaterstudio.artquiz,Iron Water Studio
The Indian Military,Vaibhav Yadav,Military Academy 3D,https://play.google.com/store/apps/details?id=com.slg.MilitaryAcademy3D,CrazyLabs LTD
Let's Quizify,nan,QuizUp 2,https://play.google.com/store/apps/details?id=com.sayoo.challenge,IHSAN STUDIO
TRIVIA REVIEW,Jishnu Bala,Trivia Crack,https://play.google.com/store/apps/details?id=com.etermax.preguntados.lite,etermax
Elements Quiz,nan,General Knowledge Quiz,https://play.google.com/store/apps/details?id=com.timleg.quiz,TIMLEG
PIP Boy,PiSaucer,Fallout Pip-Boy Watch Face,https://play.google.com/store/apps/details?id=com.facer.avoStjoiE4,Facer Studios
Poket master,OYesAbhi,Pok√©mon Masters EX,https://play.google.com/store/apps/details?id=com.dena.a12026418,"DeNA Co., Ltd."
Secondary Storage,TeachAllAboutIT,Dropbox: Secure Cloud Storage,https://play.google.com/store/apps/details?id=com.dropbox.android,"Dropbox, Inc."
World capital trivia,Ravi Kiran Vissa,Capital Quiz - World Capitals,https://play.google.com/store/apps/details?id=com.eleFUNt.CapitalsQuizGuessCountryCapital,eleFUNt Games
Kashmir Quiz,FAIZAN MUSHTAQ,Jammu and Kashmir MCQ,https://play.google.com/store/apps/details?id=com.JammuandKashmirMCQ.JammuandKashmirMCQ,RajalakshmiRTY
Rajasthan Gk Quiz,Somesh Kumar,Rajasthan Gk quiz,https://play.google.com/store/apps/details?id=co.median.android.bwxnrq,adc.creator
Jamia Millia Islamia Quiz,Amish Gupta,Islamic Quiz,https://play.google.com/store/apps/details?id=com.logicandislam.quizapp,Prof Magd Wahab
Quiz On theVampireDiaries,nan,Quiz for The Vampire Diaries,https://play.google.com/store/apps/details?id=com.nixgames.tvdquiz,Nix Studios
motive me,Dave Priyank,MOTIV,https://play.google.com/store/apps/details?id=com.shure.motiv,Shure Incorporated
Computer Fundamentals,Vivek Thota,Learn Computer Fundamentals,https://play.google.com/store/apps/details?id=com.alphazstudio.learncomputerfundamentals,Alpha Z Studio
Dr. Iron,Ritika Bansal,Dr Iron,https://play.google.com/store/apps/details?id=com.trainerize.driron,TRAINERIZE
Heilige Spiele,Mourima Biswas,Geometry Dash Lite,https://play.google.com/store/apps/details?id=com.robtopx.geometryjumplite,RobTop Games
Flash Quizlet,nan,Quizlet: AI-powered Flashcards,https://play.google.com/store/apps/details?id=com.quizlet.quizletandroid,Quizlet Inc.
Daily Mathematics,nan,Math Tests: learn mathematics,https://play.google.com/store/apps/details?id=com.holucent.math,Eductify
Html Introduction Quiz,Akshay Methaniya,HTML Tests and Quizzes,https://play.google.com/store/apps/details?id=com.testyourself.html,createwebsites
The New Flash Cards,RAVIKIRAN DHULIPALA,FlashCards - study flash cards,https://play.google.com/store/apps/details?id=com.mutau.flashcard,mu.co
Excel Programming,Pratik,Programming Hub: Learn to code,https://play.google.com/store/apps/details?id=com.freeit.java,Coding and Programming
Mr. Quizman,Abhishek Garain,TRIVIA STAR Quiz Games Offline,https://play.google.com/store/apps/details?id=com.trivia.star.android,Super Lucky Games LLC
Dr.Bumbo,Mark Tyson,Dr. Panda Toy Cars,https://play.google.com/store/apps/details?id=com.tribeplay.toycars.fun,Dr. Panda
Harry potter the wizard,nan,Harry Potter Magic Caster Wand,https://play.google.com/store/apps/details?id=com.wb.goog.magiccasterwand,Warner Bros. International Enterprises
uddeshya's trivia,UDDESHYA LAL,Triviascapes: trivia & IQ test,https://play.google.com/store/apps/details?id=com.mnogogames.triviascapes,Quiz & Trivia Games by Mno Go Apps
Howdy Trivia Game,Oishik Mukhopadhyay,-,-,-
Rajasthan GK Master,nan,Rajasthan GK in Hindi,https://play.google.com/store/apps/details?id=com.gktalk.rajasthan_gk_in_hindi,gktalk_imran
Maths Quizz,SmartnSoft,Math Quiz: Brain Training Game,https://play.google.com/store/apps/details?id=com.wanetagames.math.puzzles.quiz.trivia.riddles.brain.training.question.game,Waneta Games
Tech Game English,Yash Yadav,English Grammar Star: ESL Game,https://play.google.com/store/apps/details?id=com.wobblemonkey.speedygram,Wobble Monkey English Games
catch it,SaiMadhav Bangaru,Catch It,https://play.google.com/store/apps/details?id=uk.ac.liv.catchit,The University of Liverpool
Happy Counting Time,Ednovation Pte Ltd,123 Number & Counting Games,https://play.google.com/store/apps/details?id=vn.edugames.number.counting,BonBonGame.com
Make Pizza,WROFF,Pizza maker 2,https://play.google.com/store/apps/details?id=com.pazugames.pizzamaker2,Pazu Games
Guess The Shape,Aakash Manjrekar,Kids Games : Shapes & Colors,https://play.google.com/store/apps/details?id=com.bonbongame.learn.colors.and.shapes.kids.games,BonBonGame.com
Chemical Symbol Quiz,Horizon Apps,Chemical Symbols Quiz,https://play.google.com/store/apps/details?id=marijndillen.chemicalsymbolsquiz,Marijn Dillen
Mobile show,Gaurav Kumar,T-Mobile,https://play.google.com/store/apps/details?id=com.tmobile.pr.mytmobile,T-Mobile USA
Computer GK Master,nan,Computer GK in English,https://play.google.com/store/apps/details?id=com.aicsm.computerknowledge,GK In Hindi Offline
Hale's Government,nan,-,-,-
Vedaditya quiz,nan,TRIVIA STAR Quiz Games Offline,https://play.google.com/store/apps/details?id=com.trivia.star.android,Super Lucky Games LLC
You've Been Gnomed,Ricky Rekkers,Talking Ben the Dog,https://play.google.com/store/apps/details?id=com.outfit7.talkingben,Outfit7 Limited
Sir Caliberx,Mihir Adarsh,Caliber Strength Training,https://play.google.com/store/apps/details?id=com.caliberfitness.app,Caliber Fitness
My Doctor Discussion,xReach.io,My Doctor: Idle Hospital Game,https://play.google.com/store/apps/details?id=com.my.perfect.hospital.idle.game,Falcon Gamerz
Doctor Ming Gray a question,PlacerTech,Full Code Medical Simulation,https://play.google.com/store/apps/details?id=com.minerva_medical.minerva,Full Code Medical Inc.
Doctor Epstein a question,PlacerTech,Quanswer - questions & answers,https://play.google.com/store/apps/details?id=com.quanswer.quanswerandroid,Quanswer
SBI Life,SBI Life,SBI Life Smart Care,https://play.google.com/store/apps/details?id=com.sbilife.smartcare,Sbilife ISG-AAR
Oh Sheesh Y'all,nan,Crossy Road,https://play.google.com/store/apps/details?id=com.yodo1.crossyroad,HIPSTER WHALE
Spice The Dice,Raunak Ghetla,Slice & Dice,https://play.google.com/store/apps/details?id=com.com.tann.dice,Tann
Mr. Birthmaster,my company,Mr Hungry Tomato,https://play.google.com/store/apps/details?id=com.mrhungry.tomat,RBX Game
Kardashian Kuiz,nan,"Hollywood Actors: Quiz, Game",https://play.google.com/store/apps/details?id=net.shapkin.actorsquiz,"Beeks ‚Äî Quizzes, Games, Tests"
Challenge Yourself,nan,21 Days Challenge,https://play.google.com/store/apps/details?id=com.limatech.dayschallenge.dayschallenge,Kati & Lima
Quizzer Match,Rayan Dasoriya,Quizzer (create tests),https://play.google.com/store/apps/details?id=com.sergioyanes.quizzer,Sergio Yanes
Ruby Quiz,nan,Quiz Relax,https://play.google.com/store/apps/details?id=com.relaxtime.android.quiz,ComicStand
Challenge Aman,Aman Agarwal,456 Run Challenge: Clash 3D,https://play.google.com/store/apps/details?id=com.run.squid.challenges.survival.clash,Amobear Studio
Prayaas Youth Foundation,Nishant Dhande,Youth Foundation,https://play.google.com/store/apps/details?id=com.app.testseries.youthfoundation,TestSeries Software
Quiz On DC,nan,Quiz DC,https://play.google.com/store/apps/details?id=com.dc.quiz,DescobreixCatalunya
The Flash champ,Rishabh Jain,Flash Hit: Rocket Dash 3D,https://play.google.com/store/apps/details?id=com.doubletimes.speedster.hit,E-lite Game Studio
Matt Lieber Bot,Honeyfi,Bee-Bot,https://play.google.com/store/apps/details?id=com.tts.beebot,TTS Group
New Task,nan,Google Tasks,https://play.google.com/store/apps/details?id=com.google.android.apps.tasks,Google LLC
SANTALA Control,SANTALA,Light Control!,https://play.google.com/store/apps/details?id=com.maveragames.LightControl,MondayOFF
Weisheit Lighting,nan,Hi Lighting,https://play.google.com/store/apps/details?id=com.lixing.hilighting,"Shenzhen Jianjiaweidu Technology Co., Ltd"
STL Smart Home,nan,Smart Light Smart Home Control,https://play.google.com/store/apps/details?id=ai.metaverse.remote.control.smarthome,Metaverse Labs
SYLVANIA Smart Home,LEDVANCE,SYLVANIA Smart Home,https://play.google.com/store/apps/details?id=com.ledvance.smartplus,LEDVANCE LLC
Life in Sync,nan,VeSync,https://play.google.com/store/apps/details?id=com.etekcity.vesyncplatform,Vesync
Scrypted Home Automation,ClockworkMod,Scrypted,https://play.google.com/store/apps/details?id=app.scrypted.nvr,ClockworkMod
SiMPNiC,Connection Technology Systems,SiMPNiC,https://play.google.com/store/apps/details?id=com.ctsystem.smarthome.coco,Connection Technology Systems Inc.
MajorDoMo Devices,Sergei Jeihala,MajorDroid Official,https://play.google.com/store/apps/details?id=ru.smartliving.majordroid,SergeJey
Makihome,Makipos,Makihome,https://play.google.com/store/apps/details?id=com.mkpsmarthome.pro,Makipos
EMTHINGS,EMTHINGS Technologies Private Limited,EasyThings,https://play.google.com/store/apps/details?id=com.sunricher.easyhome.ble,Kellie Scott
Javis Home,JAVISCO,Javis Home,https://play.google.com/store/apps/details?id=vn.javisco.javis,JAVISCO
Aeotron Smart Living,Aeotron,Smart Life - Smart Living,https://play.google.com/store/apps/details?id=com.tuya.smartlife,Volcano Technology Limited
Miss. Capitals,Renny Mittal,"50 States: US Maps, Capitals",https://play.google.com/store/apps/details?id=com.fox.smart.us.geography.quiz,Smart Fox: learning quiz games
Find Cheap Flights,nan,CheapOair: Cheap Flight Deals,https://play.google.com/store/apps/details?id=com.fp.cheapoair,Fareportal Inc.
Cricquiz mania,Harshittarsariya,Cricket Quiz,https://play.google.com/store/apps/details?id=com.ganesh.cricket_quiz,Ganesh Panwar
FRIENDS TV Show,Atharva Karwande,Friends Trivia Quiz,https://play.google.com/store/apps/details?id=com.vgcentral.friendsquiz,VGcentral
Fifth Grader Trivia,Mohammad Asif,5th Grader Quiz: Are You Smart,https://play.google.com/store/apps/details?id=dh3games.areyousmarterthana5thgrader,KDR Games
Phobia Madness,ANJ,Phobia and fear list,https://play.google.com/store/apps/details?id=com.vipassana.phobialist,vipassana
History of the India,Robin Singh,History Of India(Hindi),https://play.google.com/store/apps/details?id=com.pooja.historyofindia,POOJA GADANI
Inquisitive Quiz,Shruti Singh,General Knowledge Quiz,https://play.google.com/store/apps/details?id=com.timleg.quiz,TIMLEG
Death Note Quizzer,Vaibhav Jain,Death Note,https://play.google.com/store/apps/details?id=com.HandsUp.DeathNote,Hands Up
Ramayan Trivia,Amit Sinha,Ramayan Quiz,https://play.google.com/store/apps/details?id=com.shuvankarsarkar.ramayanquiz,Shuvankar Sarkar
Automobiles Quiz,nan,Car Quiz,https://play.google.com/store/apps/details?id=com.cmrg.cmrg.carquiz,Eighteen1 Studios
Random Engineer Quiz,Athul Muralidharan,Civil Engineering Quiz,https://play.google.com/store/apps/details?id=com.sanaedutech.civil,Sana Edutech
Farting Facts,nan,Fart Prank Sound Effect Button,https://play.google.com/store/apps/details?id=fart.sound.button.farting,Radikal Meme Apps
Word Freak,Ayush Nath Jha(ANJ),Wordle!,https://play.google.com/store/apps/details?id=com.vottzapps.wordle,Lion Studios Plus
G K Buddy English,Vimal Tech Solutions,Buddy TALK : Speak English,https://play.google.com/store/apps/details?id=com.buddy_talk_english_speak,English learn co
hirwani quiz,shashank hirwani,Cricket Quiz,https://play.google.com/store/apps/details?id=com.ganesh.cricket_quiz,Ganesh Panwar
Running Fact,nan,Running Distance Tracker +,https://play.google.com/store/apps/details?id=com.fitness22.running,Fitness22
Otaku Anime Trivia,nan,Otaku Quiz - Anime Challenge,https://play.google.com/store/apps/details?id=id.rinnankanvas.otakuquiz,Rinnan Kanvas
Word Substitution questions,Hemant Lader,One Word Substitution,https://play.google.com/store/apps/details?id=com.iw.onewordsub,IdyllicWays
Mercury Facts,nan,Planet Mercury,https://play.google.com/store/apps/details?id=io.kodular.timbulks.Mercury,Timbul Saputra
cabinet ministers,grapheneX,Indian Ministers,https://play.google.com/store/apps/details?id=com.gurubalajidev.indianministers_hindi,Guru Balaji Developer
Droid Queries,Samaksh Singh,QR Droid,https://play.google.com/store/apps/details?id=la.droid.qr,DroidLa
One GK,Garima,GK One,https://play.google.com/store/apps/details?id=com.gracekennedy.gkone,GKFG
Scranton Branch,nan,Screw Jam,https://play.google.com/store/apps/details?id=com.quok.screwJam,Rollic Games
Jahoo Trivia,Tassos Manolis,Trivia Crack,https://play.google.com/store/apps/details?id=com.etermax.preguntados.lite,etermax
mr unique,Hemant sharma,Mr unique,https://play.google.com/store/apps/details?id=com.appswiz.mruniquehfihb,Appswiz W.VI
Elephants Facts,nan,The Elephant,https://play.google.com/store/apps/details?id=com.wildlife.elephant,Wild Life
Dinosaurs Facts,nan,Dinosaur 4D+,https://play.google.com/store/apps/details?id=com.OctagonStudio.ARDinoVR,Octagon Studio
General IQ Quiz,nan,General Knowledge Quiz,https://play.google.com/store/apps/details?id=com.timleg.quiz,TIMLEG
Unit Measure mental Quiz,nan,Mental Health Tests,https://play.google.com/store/apps/details?id=org.minddiagnostics,Mind Diagnostics
Drag Race Trivia,Karatekillo,RuPaul's Drag Race Superstar,https://play.google.com/store/apps/details?id=com.eastsidegames.dragrace,East Side Games Studio
Dear Quiz,nan,BFF Test - Friends Quiz,https://play.google.com/store/apps/details?id=com.PixelRelic.truebffs,Pixel Relic
Kdramacuts quiz,nan,Kpop & Kdrama Quiz,https://play.google.com/store/apps/details?id=com.quizgame.kpopandkdrama,Happy Books Dev
Backend Developer Faisal Alam,Faisal Alam,-,-,-
Sambi Interview,nan,Big Interview,https://play.google.com/store/apps/details?id=com.biginterview,"Skillful Communications, LLC"
Dr Bio,Parshwa sanghvi,Dr Bio,https://play.google.com/store/apps/details?id=com.crazyidea.dr.bio,Crazy Idea Apps
Exciting Science Quiz,Naman Goyal,General Science MCQ Quiz Game,https://play.google.com/store/apps/details?id=general.science.mcqs.quiz.game,Aardvark Solutions
Dr sports,nan,Sportsnet,https://play.google.com/store/apps/details?id=com.rogers.sportsnet.sportsnet,Rogers Digital Media
Aero Diya,vishant(Aero),Aero XP,https://play.google.com/store/apps/details?id=com.aspool.app.aero,ASPOOL
Mix Knowledge,Kusum Devi,Knowledge,https://play.google.com/store/apps/details?id=ca.knowledge.kapp,Knowledge Network
Timely Affairs,Dhruvi Vaghasiya,Foreign Affairs Magazine,https://play.google.com/store/apps/details?id=com.foreignaffairs.magazine,ForeignAffairs
comic book hero quiz,Ruby rana,DC Super Hero Quiz,https://play.google.com/store/apps/details?id=com.twobro.dcsuperheroquiz,Twobro apps
Newton Physics,Ayushman Parida,Newton Physics Sit,https://play.google.com/store/apps/details?id=com.newtonphysicssit.schoolmanagementsystem,online vidya
Space fun,nan,What's in Space?,https://play.google.com/store/apps/details?id=com.learnyland.space,Learny Land
Googling Maniac,nan,Beta Maniac,https://play.google.com/store/apps/details?id=it.mirko.beta,Mirko Dimartino
