Name,Developer ID
fjffhiruhf,fjffhiruhf
Apex Real Estate,HouseSigma
Runescape clue helper,-
Lake Gaston Real Estate,Voiceter Pro LLC
Holly Springs Real Estate,Voiceter Pro LLC
Six times table,My Times Tables
Eight Times Table,My Times Tables
Syracuse Real Estate,-
Ottawa Energy Rate,Benjamin Baril
CS Quiz,Anuj Gupta
GUG.cz,Denis V.
I'm Ready for the Business World,Argh Company
DEC Facts and Portfolio,-
EMSI Corporation Trivia Game,-
iHeartRadio,-
BBC,-
Works with smartThings,-
hive,-
LightWave,-
MI,-
ABC News Radio Hourly Newscast,-
WSJ What's News,-
ABC World News Nightline,-
Wines of Australia,Creative Voice Lab
Music Terminology,EJTechy
Grange Expo,Krishnan Sriram
Guess The Author,-
Software Prof,-
World Cup Winners,-
Ness Mezzo,Ness Corporation Pty Ltd
Racenet,Racing Internet Services Pty Ltd
caprio facts,joy
Info about Islands,Google Inc.
Programming Flashcards,-
the iron lady,-
The Computer Professor,Jennifer Bailey
Trivia Boy,-
IT Crowd Trivia,Pawan Kumar
NFL Quiz,Lyn Curtis Adams
Soccer World Cup Trivia,-
Hard Sports Trivia,Developer Ty
Daily Quiz,-
Football Mania II,Neudesic
Capital Game And Facts,PS
interview bootloader,-
Dr Grand Prix,-
Maestro Meter,Ishaque Ahmed
Co. Trivia,-
Company Trivia,Trivia Master
global general questions,parthasarathi
How Much You Know About World Cup,-
Geography Coach,-
Langdi khel,Shanta Kumar
Olympic Quiz,Manu Shahi
Hit Hobart News,-
The Rundown,-
Whitefish Mountain Resort,-
The Weinberg Place,"Witlingo, Inc."
Olympics Quiz Time,-
Quality Trek,Quality Trek
Ticket Reminder,DroidLabs
Quiz IPL,Akshil shah
Futuri Media,Futuri Media
Deals and Coupons,GoVocal.AI
seesaw boutique,Blutag Inc.
BBC Business News,-
Monocle 24: The Foreign Desk - The Explaine,-
Reuters TV (World),-
NHKWORLD-Japan News,-
Inkstone Daily Brief,-
The Right Doctors,Healthcare
Triple M Hobart News,-
Fun Kids Radio's Interviews,-
Don't Sleep On It by HuffPost,-
Pokemon Generations Trivia,Michael Johnstone
Sunny's Lucky Number,April
Please Roll,Blackskull
week number,-
DR.Ghumao,Uddeshya
jazzy roller,-
Nishinoya's Lucky Number,ShnCnc
roller go on,roller go on
Pewd's Lucky Number,thisisanapp
dr. hello dice,Meet Jethwa
roll dice for krati,Krati
Sk's dice roll,SHUBHAM KULKARNI
Beauty Glossary,Automat.ai
Yale New Haven Health Tip of the Day,Yale New Haven Health
Med Lexa,Voice Express Corp
The Christmas Piano,Hirsch & Mann
Home Connect,Southern Telecom
Project Nursery Streaming,-
SafeBySwann,Swann Communications
Conec Cam,-
show home,show home
Patronus Legion,
Flashcard python frequently asked questions,Joel John George
The Institute IIITM Gwalior,chotakiki chotakiku
Social science exam,Avi
JS Exam,Maitraiya
human quiz,vaishnavi uikey
Festival quiz,Aaron Varghese
Invention Teacher,
Bob's agent,
Miss Technology,Abhishek Tiwari
Alpha Station,Giacomo Zurru
computer master trivia quizy,mit navadiya
Explore Networking,Dixeeta Malaviya
Tech Chat,
Fun Fortnite Game Quiz,Gamer Studio
hockey hacker,Arjun Singh
Football buzz,Devang Gupta
Taylor Swift Info,
programming in c,Rohan Sinha
PUBG Mastermind,
Mr. Physio,
Lin Inspiration,Azhar B
What color should I wear,
Commonwealth Game Quiz,Sudhanshu Ranjan
New York Real Estate,Voiceter Pro LLC
SSC Prep Geography,Rohit Agarwal
ultimate friends series quiz,
General Science Question,Akash Sharma
Toss The Coin,Tokir
college in murthal,genius poposos
Food intructor,FOOD FOOD
sankat bhawan,Gayatri Devi
mr fortune quiz,Harshil
Things to do,Voxion
My Gingerbread Creator,Google
sail mate,Sailors Inc
help mate,Abhishek
Hwagok High School Chatbot,sunwoo
Knowledge on petrol engine,Mr. Kathrotiya
Joke for Today,Voxion
OOPs quiz,technoblitz
Winter Time Facts,Juna Salviati
Music Xtreamist,Parth Arora
Mom joke,Voxion
Quiz of G O T,Rahul Kumar
Ammu's Gift,Hari Gowtham
Funny Muse,Aravind M Nair
Hot House,Lewers
facts of kanpur,ateet patel
Darshan trivia,Darshan vaghasiya
The Eternal wisher,Prathamesh Pure
Music Harmony,Utkarsh Gupta
The Meaning Of Life,Voxion
Sparkly Queen,Eric Lin
Coding with Java FAQ,Sameksha Pandhi
Lucky Mania,Arun Iyappan
Times Table Quiz,William Hung
indian green parrot faq,anita
Word Quiz for rookie,Yoons English School
Game Scifi,Amritanshu Verma
Clinic Manager,Fahm Technologies
Ultimate Superheros,Rahul
Malaysian Guide,Thesigan Nadarajan
movie robot,theabbie
Darshan quizzz,Darshan Lakhankiya
bharat sarkar,ZERO GRAVITY
Mr Rock and Roll,Unnati Mishra
cpp with kp nine nine,Prakhar Kapoor
G Knowledge,Meher
automation trivia quiz,Aditya Pandit
the epic india quiz,epic trendy
Development Boards,Abhishek Bapu Ove
Nerdy joke,Voxion
Welcome Shopping,Dhruv Bhasvar
You Are The Media,Veeheister Ltd
Its GOT Thing,Pawan
cat cat,Ajeet Sharma
Quiz Doggy,91Projects
Culture Anchors,Bajaj Finance Limited
Engineer Aditi Yadav Resume,Aditi Yadav
Innovation And Invention,
Super Indian trivia,Rohit Kumar
Quantum Quiz,Vardhan Kottamasu
quiz ml,
Tech FAQ,abhishek kumar
Kaiterra,Yoann Cerda
Dr. Cricky,Kratik Bhatt
a healthy Yash,Yashashvi Singh Bhadauria
IIITH Quiz,
The Smoogler Boy,
Movie's director,AMAN
Quiz On Queen,Bhagyashree Sarode
NikTech Tech Quiz,NikTech
Riddle Twister,Lavanya Shinde
Voice voucher,Rabbit & Pork
Alphabet Jungle,Gurukrupa
Intelligent Machine Learning Trivia,ML warriors
Original Friends quiz,Ankit Sharma
Knowledge city,
capitals of countries,Dheeraj Mittal
Let's Review,Bosco N
Irony on Cricket,Harsh Jain
Good Joke,Voxion
Football Quizz,Kushal
Quiz Uttar Pradesh,Rajat
Sound Doctrine,Salem Web Network
Dr.Techguru,Sirvi Bharat
Know my hero,Saket Kumar
The suitors quiz,Tanuja Bodas
Camaro Scanner,MKM
Internet of Things League,Shubham
Continente Siga,Shelf.AI
Alertable,PEASI
Simply Conserve,"AM Conservation Group, Inc."
House Log,ChkChk
Badíʿ Today,Glen Little
muslim community in chicago,IEC Husaini
Freedom 970,Futuri Media
Mr. Bolly,TSD
Quiz on Hinduism,Mayank Tygai
Dr Medicos,Basharat
Cyber Girl,Madhuri
chimes radio,Chimes Radio
The Stellar Forecast,Cognifi Studios
GK Quiz App,Hamza Productions
Hand Wash Hero,Voxly Digital
TECH X QUIZ,Suraj
Cool English Robot,National Taiwan Normal University
My Book Friend,Priyanka L Jawade
BMI check,Sathish Kumar S
Fit Bro,Sathish Kumar S
Bollywood Buff Trivia,Haridas YashashChandra
Basic General Knowledge Quiz for Children,Harshil Patel
terry tells story,wei zhang
seven minute workout,Bart Bellefroid
Sing Turkish National Anthem,ChunkyBusiness
Cat sounds,music dev
Meditation Mentor,Quarry Lane Meditation Club
Eureka Smart Living,Eureka
One piece family,music dev
Bernie Sanders Soundboard,Sam Kauffman
The Dallas Morning News,
750 The Game,Futuri Media
Health And Diet Knowledge Gainer O Mania,Healthcare
Raffle Manager,Aineth
High Order Analytics,High Order Analytics LLC.
Fantasy Fate,Jessica & Cody
Nutella Creations,Ferrero USA
G.K Quiz Factory,Ajay
Sing Norwegian National Anthem,ChunkyBusiness
genius job offering,Genius Voice
One Piece theme song,music dev
Spectrum Autism Research,
Yo Mind Reader,Yogesh Kumar R
Affinia Fifty,Ameniti Inc.
Hamre vs Buben's Music,Wounded Hearts Productions
Sashbros Studios,Sarvagna Shukla
Hacking Basics Quiz,Rahul kr Roy
Dense Vision Shrine,Wounded Hearts Productions
Gaana Quiz,Kriti Chopra
IPL fan inside me,Sourabh Miraje
Loop It,SoapVox
Volleyball Stats,Maildover LLC
Question of the Day,Matchbox.io
Modern Quiz,Faizan Ahmed
Flower Facts,Sen
Movie freak,Pradipta Ghatak
chunkey monkey,ChunkyBusiness
The Ultimate QuizzBizz,Thorat Gaming
Shilpa Shetty Yoga,ArrowAI
chess tutor,
joke about dogs,Voxion
Maya Companion,Harsh Kotwani
Potter Verse,
money intelligence,Money Intelligence
quiz finder,Bannari Amman Institute of Technology
Kartik's Quiz,kartik kakad
Orlando Sentinel,Orlando Sentinel
GENERAL KNOWLEDGE EASY QUIZ,Suyesh Badge
thirty second quiz,Asim Pathan
Mr.Communication Networks,AKHILDAS KS
Marketing Tips,Orren Prunckun
Learn Telugu,aiTeachMe
Day Of School,"Abhinav Kandula, Justin Kandula"
yolink,YoSmart Inc.
Can You Save Me,Emily Nguyen
Samrat smart quiz,Samrat Rode
Bad Joke,Voxion
Magic Seven cube,Zami
Dilemma of the Day,VoxLR8
Dr Daily Motivation,Saisha Enterprises
Musical Instruments Quiz,Silver Surfer
Dr.Python Quiz,AKHILDAS KS
Proscenic,jacky lee
Woods Connect,Woods TES Sweden AB
Animal Kids,Philip Thomas
tricky bible quiz,shivani kodape
Quiz for life,orgino
chem funn,Shafeek
Mr. Trex,Deependra Shekhawat
Oscars Quiz,Gaurav Garg
Bollywood in India,Ayush Tamta
Ultimate Quiz SOLAR ENERGY,Miss Sakshi Shendre
The Flux Komplex,Wounded Hearts Productions
Wizarding world,Bhanu Industries
Parineeti Chopra fan,Gaurav Garg
c programming basic operator practice quiz,shivank
cloud computing news,Caleb Lemoine
Iron Man Facts Quiz,Ankit Nayak
Joke In English,Voxion
flip the coin,Yashash Jain
Simon iO,Simon S.A.
Facts about Vodka,Hold my Vodka
seven mirrors,
Kohler,Kohler Company
Mr.Copycat,SehyungLee
Arcane Art's Music,Wounded Hearts Productions
Politics India by Pratik,Pratik
Most beautiful country,Mitali agrawal
Tooth fairy,ABLE VARGHESE
Relaxing music,music dev
MCU Master,Anandhu
ALIENS FACTS,HiPRoCkDiVa
Fruit Cups,fcdevs
Guess My Birthday,Avichal Srivastava
The MCU Avengers Quiz,Anom Devgun
Oz Lotteries,Oz Lotteries
Hasegawa Dementia Scale,creativival
Fearless Cissie Graham Lynch,Billy Graham Evangelistic Association
Fun with programming,Kunj Gopal Shah
tech tickle,Hardik Chavda
Study Material,Study Material
blurams,blurams
Spaced Quiz,Janmejaya
frozen trivia,kanishka jain
Voice Designer,Data Driven Design
CS Spot Guide,
Amazing Facts about Black Holes,
Chocolatey world trivia,Monika Koladiya
Quiz Environmental issues,jyotsana
Fun with knowledge,Masumi
Lumi Life,Lumi JSC
AuraConnect,imi-hydronic.com
English collective noun finding power,onestar
Fury Nick Avengers,Yash Kesarwani
LOVE WEEK QUIZ,SHUBHAM MAURYA
brightside's quiz,As a developer
International Days Quiz,SHUBHAM MAURYA
Dr.Zyclavian.,
Ultimate King Of Knowledge,Saurav Methaniya
Kid Circle,KidCircle Inc
Quiz madness,Divam Shah
Avengers Stark,Ayushman Parida
New Country Capital Quiz,
Mr GOT,
Mr. Indian Foodie,Milan Lakhani
Dr. QuizBuzz,
cloud learning,Francisco Massanet-Nicolau
Fellow Hacker,Sravani
Capital Country,Indra Kumar Gupta
The Enterprise BS Generator,
NFL Football Trivia,Franky & Son
Europe Capital Quiz,
Big Bang Trivia,Kshitij
Chucky Doll Facts,Hiprockdiva
Daily Prayer,isscroberto
The Blockchain Teacher,
Sun Facts,
voice act,Blaze Automation
Sachin Technical,
Chemical Agent,Govind Singh Rathore
Marvel movies quiz,
Important Days Quiz,Jainil Somani
Kuttycoders JR,
Visual Studio Quiz,Delpin Susai Raj
Rajasthani Facts,Ramit Agarwal
amazing PUBG quiz,Ishaan Bedi
Pigeon Treat,
WC Cric trivia,SJ Enterprises
Brain fade,
Sushi Facts,VoiceDove
todays lucky horoscope,
Orpat nitro,
Spiri Chatbot,Awakening Mind
Proven HR,Mohd Haneef
Netflix Marvel Trivia,Subrajeet
Pixie Dicer,Akanksha Bhasin
Independent Quiz,Debdut Goswami
Find the brand,Lakhan Chavda
FINANCE QUIZMANIA,YASHASVI MODY
find my persona,
Strawberry Facts,
Physical World,Ansh Goyal
Football Stadiums Quiz,Himanshi Singh
Fascinating Facts Quiz,PURVIL BHARTHANIA
Quiz Chemistry,Batukbhai Tarsariya
Impractical brain jammer,
know your got character trivia,Rahul Roy
The Marvel Fandom,Rishi Arora
IPL Players Quiz,
FUN WITH CHEMISTRY,PRIYANSHU JHA
Expert of Cricket,Vraj Baxi
Asteroid quiz,
Basic GK Quiz,Dharmik Patel
CC Quizer,
FRIENDS Fan Quiz,Abhishek Singh
noble prize,Bharti Uikey
Quiz by Mahabharat's Time,Manish Kumar
The Rooster Cast,witlingo
Science curiosity,Pawan Dumka
Chess Newbie,Shubham Garg
DICE GAMBLER,
Ubuntu Commands,Astha Singh
Name the singer,Devashish Pathak
Game of Thrones Expert,Ashish Kumar
Mind it,Piyush Verma
quiz by the starks of Winterfell,
Coach Cabi,
Interview Buddy,Lucky Kumar
Chord Assist,
Planet Earth,David Ivancik
Dragon Ball Master,Arjun Rupavatia
Mr.Iconic,Mr. AJ
PUBG Questions,Chinni Sahil Kumar
Guess the word,LavaSmoothie
find fruit,Bhargava teja
Real English,WROFF
Christmas Jokes,
The Auto bot,Dheeraj GSS
News Results from Authorlink,
News Results from Washington Post,
News Results from CBS Houston,
Dish Master,
KTControl,kangtai
AVE Home,AVE spa
Hogar Pro,Hogar Controls
Brilliant Smart,Brilliant Lighting PTY
Imam Fact,Liaquat Ali
Vaish Rivers,Vaishnavi Joshi
Cyber Myler,
Info Quiz,Saket Saumya
Call of Duty Knowledge,
QUIZ APTITUDE,Harsh Tukadiya
TechTime Quiz,TechTime
Techmastering three,Rohit
IELTS study,
Accel scholarships,
Quotes And More,Alexander S.
What's up City,Owen Chu
Sql World,Narendra Singh
Chemical flashcards,Mayank agarwal
Auto Rookie,Rambo
Minecraft facts from Sorin,
Dr. Choco,
bmw three series,BMW
Quiz Maniac,Ujjwal Saxena
Chinese Zodiac Info,
Programming legends,Rishi Raj Roy
Mains Buddy,Flobble Labs
Civil Question Bank,Shivam Srivastava
quotes master,naveed pathan
Dr integer,Arpit Viradiya
Python Fun,
mr IOquizy,keval talaviya
goldberg quiz,Harshil Patel
Grouping Animals,Pratik
Mr. Space Helper,Rishabh
Civil Engineering Quiz,Zeeshan Aijaz
Abdul kalam quiz,
Mr soul prince,Meghrajsinh Chuahan
City Explore Pro,Owen Chu
Compare Operator,
Tech FF Quiz,Sugata Roy
C Programming Language Quiz,Shah Karan K
Knowing India better,Ashish Gupta
Mr.Languager,
GCP Architect Exam,Trophosphere Technologies LLC
Microsoft Imagine Cup Global Competition,Sweta Miriam George
World Konkani Centre,Samyuktha Prabhu
GirlScript Manipal,Aditi Goyal
Sasurie Infotech,Sasurie Infotech
WIT Rethink,Atibhi Agrawal
Rahul's Resume,Rahul Syal
the GSSOC Bot,
Udacity women Techmakers Scholarship bot,
Next Big Idea Contest,Elna Boban
Forte mba fellowship helper,
WeTech Qualcomm,
Coders quiz,
manu act,Manupatra
neet info,Vidhya..
Helium Grant Bot,Harsha S Warrier
Cool English Taiwan lesson,Cool English
IIT Bhubaneswar Internship program,
Stephen Hawking's Life,
chef Connie,chef Connie
Legendary quiz,AJ
Football League,
Mangapidea Quiz,
Flames The Matchmaker,
One Piece Quiz,Prince Mittal
Fortnite Challenger,
computers quiz game from sikandar,sagen inc
Christiano Ronaldo Biography,WROFF
Darts Scoreboard,
Last Page Movies,Nikhil Mulchandani
Prof. Game of Thrones,
Interstellar quiz,
Test my sportx,mukul
Q Trivia,AS COMPANY
Mr. trait,cg47
Robbie Quiz,Duck Apartment
Tech Skills Quiz,Abhishek Kumar
Unbelievable India,
Bit Jam,Loop Inc.
IPL POP QUIZ,Rohan Ghosh
Super car,Bhanu Sharma
Bollywood Game Show,Sunidhi gupta
facts about buddha,shashwat raj
Cric Trivia,Mihir Jagad
Cricket Exam,
Silent Girl,Random Developer
Movie Jeopardy,kkooff2000
Quiz Art,Saumeen Prajapati
The Indian Military,Vaibhav Yadav
Let's Quizify,
TRIVIA REVIEW,Jishnu Bala
Elements Quiz,
PIP Boy,PiSaucer
Poket master,OYesAbhi
Secondary Storage,TeachAllAboutIT
World capital trivia,Ravi Kiran Vissa
Kashmir Quiz,FAIZAN MUSHTAQ
Rajasthan Gk Quiz,Somesh Kumar
Jamia Millia Islamia Quiz,Amish Gupta
Quiz On theVampireDiaries,
motive me,Dave Priyank
Computer Fundamentals,Vivek Thota
Dr. Iron,Ritika Bansal
Heilige Spiele,Mourima Biswas
Flash Quizlet,
Daily Mathematics,
Html Introduction Quiz,Akshay Methaniya
The New Flash Cards,RAVIKIRAN DHULIPALA
Excel Programming,Pratik
Mr. Quizman,Abhishek Garain
Dr.Bumbo,Mark Tyson
Harry potter the wizard,
uddeshya's trivia,UDDESHYA LAL
Howdy Trivia Game,Oishik Mukhopadhyay
Rajasthan GK Master,
Maths Quizz,SmartnSoft
Tech Game English,Yash Yadav
catch it,SaiMadhav Bangaru
Happy Counting Time,Ednovation Pte Ltd
Make Pizza,WROFF
Guess The Shape,Aakash Manjrekar
Chemical Symbol Quiz,Horizon Apps
Mobile show,Gaurav Kumar
Computer GK Master,
Hale's Government,
Vedaditya quiz,
You've Been Gnomed,Ricky Rekkers
Sir Caliberx,Mihir Adarsh
My Doctor Discussion,xReach.io
Doctor Ming Gray a question,PlacerTech
Doctor Epstein a question,PlacerTech
SBI Life,SBI Life
Oh Sheesh Y'all,
Spice The Dice,Raunak Ghetla
Mr. Birthmaster,my company
Kardashian Kuiz,
Challenge Yourself,
Quizzer Match,Rayan Dasoriya
Ruby Quiz,
Challenge Aman,Aman Agarwal
Prayaas Youth Foundation,Nishant Dhande
Quiz On DC,
The Flash champ,Rishabh Jain
Matt Lieber Bot,Honeyfi
New Task,
SANTALA Control,SANTALA
Weisheit Lighting,
STL Smart Home,
SYLVANIA Smart Home,LEDVANCE
Life in Sync,
Scrypted Home Automation,ClockworkMod
SiMPNiC,Connection Technology Systems
MajorDoMo Devices,Sergei Jeihala
Makihome,Makipos
EMTHINGS,EMTHINGS Technologies Private Limited
Javis Home,JAVISCO
Aeotron Smart Living,Aeotron
Miss. Capitals,Renny Mittal
Find Cheap Flights,
Cricquiz mania,Harshittarsariya
FRIENDS TV Show,Atharva Karwande
Fifth Grader Trivia,Mohammad Asif
Phobia Madness,ANJ
History of the India,Robin Singh
Inquisitive Quiz,Shruti Singh
Death Note Quizzer,Vaibhav Jain
Ramayan Trivia,Amit Sinha
Automobiles Quiz,
Random Engineer Quiz,Athul Muralidharan
Farting Facts,
Word Freak,Ayush Nath Jha(ANJ)
G K Buddy English,Vimal Tech Solutions
hirwani quiz,shashank hirwani
Running Fact,
Otaku Anime Trivia,
Word Substitution questions,Hemant Lader
Mercury Facts,
cabinet ministers,grapheneX
Droid Queries,Samaksh Singh
One GK,Garima
Scranton Branch,
Jahoo Trivia,Tassos Manolis
mr unique,Hemant sharma
Elephants Facts,
Dinosaurs Facts,
General IQ Quiz,
Unit Measure mental Quiz,
Drag Race Trivia,Karatekillo
Dear Quiz,
Kdramacuts quiz,
Backend Developer Faisal Alam,Faisal Alam
Sambi Interview,
Dr Bio,Parshwa sanghvi
Exciting Science Quiz,Naman Goyal
Dr sports,
Aero Diya,vishant(Aero)
Mix Knowledge,Kusum Devi
Timely Affairs,Dhruvi Vaghasiya
comic book hero quiz,Ruby rana
Newton Physics,Ayushman Parida
Space fun,
Googling Maniac,
